[     492ms] [INFO] %cDownload the React DevTools for a better development experience: https://react.dev/link/react-devtools font-weight:bold @ http://localhost:3000/_next/static/chunks/node_modules_next_dist_1e8vcs8._.js:776
[     578ms] [LOG] [HMR] connected @ http://localhost:3000/_next/static/chunks/node_modules_next_dist_1e8vcs8._.js:776
[     847ms] [WARNING] GSAP target .pre-loader not found. https://gsap.com @ http://localhost:3000/_next/static/chunks/node_modules_next_dist_1e8vcs8._.js:776
[     848ms] [WARNING] GSAP target .pre-loader not found. https://gsap.com @ http://localhost:3000/_next/static/chunks/node_modules_next_dist_1e8vcs8._.js:776
[     854ms] [WARNING] GSAP target .hero-name .char-mask not found. https://gsap.com @ http://localhost:3000/_next/static/chunks/node_modules_next_dist_1e8vcs8._.js:776
[     855ms] [WARNING] GSAP target  not found. https://gsap.com @ http://localhost:3000/_next/static/chunks/node_modules_next_dist_1e8vcs8._.js:776
[     865ms] [WARNING] GSAP target .heading-desc not found. https://gsap.com @ http://localhost:3000/_next/static/chunks/node_modules_next_dist_1e8vcs8._.js:776
[     865ms] [WARNING] GSAP target  not found. https://gsap.com @ http://localhost:3000/_next/static/chunks/node_modules_next_dist_1e8vcs8._.js:776
[     866ms] [WARNING] GSAP target  not found. https://gsap.com @ http://localhost:3000/_next/static/chunks/node_modules_next_dist_1e8vcs8._.js:776
[     868ms] [WARNING] GSAP target [object NodeList] not found. https://gsap.com @ http://localhost:3000/_next/static/chunks/node_modules_next_dist_1e8vcs8._.js:776
[     869ms] [WARNING] GSAP target  not found. https://gsap.com @ http://localhost:3000/_next/static/chunks/node_modules_next_dist_1e8vcs8._.js:776
[     870ms] [WARNING] GSAP target  not found. https://gsap.com @ http://localhost:3000/_next/static/chunks/node_modules_next_dist_1e8vcs8._.js:776
[     871ms] [WARNING] GSAP target [object NodeList] not found. https://gsap.com @ http://localhost:3000/_next/static/chunks/node_modules_next_dist_1e8vcs8._.js:776
[     871ms] [WARNING] GSAP target  not found. https://gsap.com @ http://localhost:3000/_next/static/chunks/node_modules_next_dist_1e8vcs8._.js:776
[     872ms] [WARNING] GSAP target  not found. https://gsap.com @ http://localhost:3000/_next/static/chunks/node_modules_next_dist_1e8vcs8._.js:776
[     873ms] [WARNING] GSAP target [object NodeList] not found. https://gsap.com @ http://localhost:3000/_next/static/chunks/node_modules_next_dist_1e8vcs8._.js:776
[     873ms] [WARNING] GSAP target  not found. https://gsap.com @ http://localhost:3000/_next/static/chunks/node_modules_next_dist_1e8vcs8._.js:776
[     874ms] [WARNING] GSAP target  not found. https://gsap.com @ http://localhost:3000/_next/static/chunks/node_modules_next_dist_1e8vcs8._.js:776
[     875ms] [WARNING] GSAP target [object NodeList] not found. https://gsap.com @ http://localhost:3000/_next/static/chunks/node_modules_next_dist_1e8vcs8._.js:776
[     875ms] [WARNING] GSAP target  not found. https://gsap.com @ http://localhost:3000/_next/static/chunks/node_modules_next_dist_1e8vcs8._.js:776
[     876ms] [WARNING] GSAP target  not found. https://gsap.com @ http://localhost:3000/_next/static/chunks/node_modules_next_dist_1e8vcs8._.js:776
[     879ms] [WARNING] Element not found: #prologue @ http://localhost:3000/_next/static/chunks/node_modules_next_dist_1e8vcs8._.js:776
[     881ms] [WARNING] Element not found: #prologue @ http://localhost:3000/_next/static/chunks/node_modules_next_dist_1e8vcs8._.js:776
[     905ms] [WARNING] GSAP target .verdict-rule not found. https://gsap.com @ http://localhost:3000/_next/static/chunks/node_modules_next_dist_1e8vcs8._.js:776
[     905ms] [WARNING] GSAP target  not found. https://gsap.com @ http://localhost:3000/_next/static/chunks/node_modules_next_dist_1e8vcs8._.js:776
[     906ms] [WARNING] GSAP target  not found. https://gsap.com @ http://localhost:3000/_next/static/chunks/node_modules_next_dist_1e8vcs8._.js:776
[     913ms] [WARNING] Invalid property drawSVG set to 0% 0% Missing plugin? gsap.registerPlugin() @ http://localhost:3000/_next/static/chunks/node_modules_next_dist_1e8vcs8._.js:776
[     914ms] [WARNING] Invalid property drawSVG set to 0% 0% Missing plugin? gsap.registerPlugin() @ http://localhost:3000/_next/static/chunks/node_modules_next_dist_1e8vcs8._.js:776
[     960ms] [WARNING] GSAP target  not found. https://gsap.com @ http://localhost:3000/_next/static/chunks/node_modules_next_dist_1e8vcs8._.js:776
[     963ms] [WARNING] GSAP target  not found. https://gsap.com @ http://localhost:3000/_next/static/chunks/node_modules_next_dist_1e8vcs8._.js:776
[     964ms] [WARNING] GSAP target  not found. https://gsap.com @ http://localhost:3000/_next/static/chunks/node_modules_next_dist_1e8vcs8._.js:776
[     965ms] [WARNING] GSAP target  not found. https://gsap.com @ http://localhost:3000/_next/static/chunks/node_modules_next_dist_1e8vcs8._.js:776
[     976ms] [WARNING] GSAP target  not found. https://gsap.com @ http://localhost:3000/_next/static/chunks/node_modules_next_dist_1e8vcs8._.js:776
[     977ms] [WARNING] GSAP target  not found. https://gsap.com @ http://localhost:3000/_next/static/chunks/node_modules_next_dist_1e8vcs8._.js:776
[     977ms] [WARNING] GSAP target  not found. https://gsap.com @ http://localhost:3000/_next/static/chunks/node_modules_next_dist_1e8vcs8._.js:776
[     978ms] [WARNING] GSAP target  not found. https://gsap.com @ http://localhost:3000/_next/static/chunks/node_modules_next_dist_1e8vcs8._.js:776
[     978ms] [WARNING] GSAP target  not found. https://gsap.com @ http://localhost:3000/_next/static/chunks/node_modules_next_dist_1e8vcs8._.js:776
[     979ms] [WARNING] GSAP target  not found. https://gsap.com @ http://localhost:3000/_next/static/chunks/node_modules_next_dist_1e8vcs8._.js:776
[     979ms] [WARNING] GSAP target  not found. https://gsap.com @ http://localhost:3000/_next/static/chunks/node_modules_next_dist_1e8vcs8._.js:776
[     979ms] [WARNING] GSAP target  not found. https://gsap.com @ http://localhost:3000/_next/static/chunks/node_modules_next_dist_1e8vcs8._.js:776
[     979ms] [WARNING] GSAP target  not found. https://gsap.com @ http://localhost:3000/_next/static/chunks/node_modules_next_dist_1e8vcs8._.js:776
[     980ms] [WARNING] GSAP target  not found. https://gsap.com @ http://localhost:3000/_next/static/chunks/node_modules_next_dist_1e8vcs8._.js:776
[     980ms] [WARNING] GSAP target  not found. https://gsap.com @ http://localhost:3000/_next/static/chunks/node_modules_next_dist_1e8vcs8._.js:776
[     981ms] [WARNING] GSAP target  not found. https://gsap.com @ http://localhost:3000/_next/static/chunks/node_modules_next_dist_1e8vcs8._.js:776
[    1013ms] [WARNING] GSAP target  not found. https://gsap.com @ http://localhost:3000/_next/static/chunks/node_modules_next_dist_1e8vcs8._.js:776
[    1014ms] [WARNING] GSAP target  not found. https://gsap.com @ http://localhost:3000/_next/static/chunks/node_modules_next_dist_1e8vcs8._.js:776
[    1018ms] [WARNING] GSAP target  not found. https://gsap.com @ http://localhost:3000/_next/static/chunks/node_modules_next_dist_1e8vcs8._.js:776
[    1025ms] [WARNING] Invalid property drawSVG set to 0% 0% Missing plugin? gsap.registerPlugin() @ http://localhost:3000/_next/static/chunks/node_modules_next_dist_1e8vcs8._.js:776
[    1025ms] [WARNING] Invalid property drawSVG set to 0% 0% Missing plugin? gsap.registerPlugin() @ http://localhost:3000/_next/static/chunks/node_modules_next_dist_1e8vcs8._.js:776
[    1032ms] [WARNING] Invalid property drawSVG set to 0% 0% Missing plugin? gsap.registerPlugin() @ http://localhost:3000/_next/static/chunks/node_modules_next_dist_1e8vcs8._.js:776
[    1107ms] [WARNING] GSAP target .pre-loader not found. https://gsap.com @ http://localhost:3000/_next/static/chunks/node_modules_next_dist_1e8vcs8._.js:776
[    1108ms] [WARNING] GSAP target .pre-loader not found. https://gsap.com @ http://localhost:3000/_next/static/chunks/node_modules_next_dist_1e8vcs8._.js:776
[    1109ms] [WARNING] GSAP target .hero-name .char-mask not found. https://gsap.com @ http://localhost:3000/_next/static/chunks/node_modules_next_dist_1e8vcs8._.js:776
[    1109ms] [WARNING] GSAP target  not found. https://gsap.com @ http://localhost:3000/_next/static/chunks/node_modules_next_dist_1e8vcs8._.js:776
[    1115ms] [WARNING] GSAP target .heading-desc not found. https://gsap.com @ http://localhost:3000/_next/static/chunks/node_modules_next_dist_1e8vcs8._.js:776
[    1116ms] [WARNING] GSAP target  not found. https://gsap.com @ http://localhost:3000/_next/static/chunks/node_modules_next_dist_1e8vcs8._.js:776
[    1116ms] [WARNING] GSAP target  not found. https://gsap.com @ http://localhost:3000/_next/static/chunks/node_modules_next_dist_1e8vcs8._.js:776
[    1117ms] [WARNING] GSAP target [object NodeList] not found. https://gsap.com @ http://localhost:3000/_next/static/chunks/node_modules_next_dist_1e8vcs8._.js:776
[    1117ms] [WARNING] GSAP target  not found. https://gsap.com @ http://localhost:3000/_next/static/chunks/node_modules_next_dist_1e8vcs8._.js:776
[    1118ms] [WARNING] GSAP target  not found. https://gsap.com @ http://localhost:3000/_next/static/chunks/node_modules_next_dist_1e8vcs8._.js:776
[    1118ms] [WARNING] GSAP target [object NodeList] not found. https://gsap.com @ http://localhost:3000/_next/static/chunks/node_modules_next_dist_1e8vcs8._.js:776
[    1119ms] [WARNING] GSAP target  not found. https://gsap.com @ http://localhost:3000/_next/static/chunks/node_modules_next_dist_1e8vcs8._.js:776
[    1119ms] [WARNING] GSAP target  not found. https://gsap.com @ http://localhost:3000/_next/static/chunks/node_modules_next_dist_1e8vcs8._.js:776
[    1119ms] [WARNING] GSAP target [object NodeList] not found. https://gsap.com @ http://localhost:3000/_next/static/chunks/node_modules_next_dist_1e8vcs8._.js:776
[    1120ms] [WARNING] GSAP target  not found. https://gsap.com @ http://localhost:3000/_next/static/chunks/node_modules_next_dist_1e8vcs8._.js:776
[    1120ms] [WARNING] GSAP target  not found. https://gsap.com @ http://localhost:3000/_next/static/chunks/node_modules_next_dist_1e8vcs8._.js:776
[    1121ms] [WARNING] GSAP target [object NodeList] not found. https://gsap.com @ http://localhost:3000/_next/static/chunks/node_modules_next_dist_1e8vcs8._.js:776
[    1121ms] [WARNING] GSAP target  not found. https://gsap.com @ http://localhost:3000/_next/static/chunks/node_modules_next_dist_1e8vcs8._.js:776
[    1121ms] [WARNING] GSAP target  not found. https://gsap.com @ http://localhost:3000/_next/static/chunks/node_modules_next_dist_1e8vcs8._.js:776
[    1123ms] [WARNING] Element not found: #prologue @ http://localhost:3000/_next/static/chunks/node_modules_next_dist_1e8vcs8._.js:776
[    1124ms] [WARNING] Element not found: #prologue @ http://localhost:3000/_next/static/chunks/node_modules_next_dist_1e8vcs8._.js:776
[    1141ms] [WARNING] GSAP target .verdict-rule not found. https://gsap.com @ http://localhost:3000/_next/static/chunks/node_modules_next_dist_1e8vcs8._.js:776
[    1142ms] [WARNING] GSAP target  not found. https://gsap.com @ http://localhost:3000/_next/static/chunks/node_modules_next_dist_1e8vcs8._.js:776
[    1142ms] [WARNING] GSAP target  not found. https://gsap.com @ http://localhost:3000/_next/static/chunks/node_modules_next_dist_1e8vcs8._.js:776
[    1149ms] [WARNING] Invalid property drawSVG set to 0% 0% Missing plugin? gsap.registerPlugin() @ http://localhost:3000/_next/static/chunks/node_modules_next_dist_1e8vcs8._.js:776
[    1149ms] [WARNING] Invalid property drawSVG set to 0% 0% Missing plugin? gsap.registerPlugin() @ http://localhost:3000/_next/static/chunks/node_modules_next_dist_1e8vcs8._.js:776
[    1496ms] [LOG] [Fast Refresh] rebuilding @ http://localhost:3000/_next/static/chunks/node_modules_next_dist_1e8vcs8._.js:776
[    1644ms] [LOG] [Fast Refresh] done in 249ms @ http://localhost:3000/_next/static/chunks/node_modules_next_dist_1e8vcs8._.js:776
[    4303ms] [WARNING] GSAP target  not found. https://gsap.com @ http://localhost:3000/_next/static/chunks/node_modules_next_dist_1e8vcs8._.js:776
[    4460ms] [WARNING] Invalid scope @ http://localhost:3000/_next/static/chunks/node_modules_next_dist_1e8vcs8._.js:776
[    4461ms] [WARNING] GSAP target .pre-name not found. https://gsap.com @ http://localhost:3000/_next/static/chunks/node_modules_next_dist_1e8vcs8._.js:776
[    4461ms] [WARNING] Invalid scope @ http://localhost:3000/_next/static/chunks/node_modules_next_dist_1e8vcs8._.js:776
[    4462ms] [WARNING] GSAP target  not found. https://gsap.com @ http://localhost:3000/_next/static/chunks/node_modules_next_dist_1e8vcs8._.js:776
[    4462ms] [WARNING] Invalid scope @ http://localhost:3000/_next/static/chunks/node_modules_next_dist_1e8vcs8._.js:776
[    4462ms] [WARNING] GSAP target .pre-sub not found. https://gsap.com @ http://localhost:3000/_next/static/chunks/node_modules_next_dist_1e8vcs8._.js:776
[    4463ms] [WARNING] Invalid scope @ http://localhost:3000/_next/static/chunks/node_modules_next_dist_1e8vcs8._.js:776
[    4463ms] [WARNING] GSAP target  not found. https://gsap.com @ http://localhost:3000/_next/static/chunks/node_modules_next_dist_1e8vcs8._.js:776
[    4464ms] [WARNING] Invalid scope @ http://localhost:3000/_next/static/chunks/node_modules_next_dist_1e8vcs8._.js:776
[    4464ms] [WARNING] GSAP target .gavel-progress not found. https://gsap.com @ http://localhost:3000/_next/static/chunks/node_modules_next_dist_1e8vcs8._.js:776
[    4464ms] [WARNING] Invalid scope @ http://localhost:3000/_next/static/chunks/node_modules_next_dist_1e8vcs8._.js:776
[    4465ms] [WARNING] GSAP target  not found. https://gsap.com @ http://localhost:3000/_next/static/chunks/node_modules_next_dist_1e8vcs8._.js:776
[    4465ms] [WARNING] Invalid scope @ http://localhost:3000/_next/static/chunks/node_modules_next_dist_1e8vcs8._.js:776
[    4466ms] [WARNING] GSAP target .pre-counter not found. https://gsap.com @ http://localhost:3000/_next/static/chunks/node_modules_next_dist_1e8vcs8._.js:776
[    4466ms] [WARNING] Invalid scope @ http://localhost:3000/_next/static/chunks/node_modules_next_dist_1e8vcs8._.js:776
[    4466ms] [WARNING] GSAP target  not found. https://gsap.com @ http://localhost:3000/_next/static/chunks/node_modules_next_dist_1e8vcs8._.js:776
[    4467ms] [WARNING] Invalid scope @ http://localhost:3000/_next/static/chunks/node_modules_next_dist_1e8vcs8._.js:776
[    4467ms] [WARNING] GSAP target .pre-counter-text not found. https://gsap.com @ http://localhost:3000/_next/static/chunks/node_modules_next_dist_1e8vcs8._.js:776
[    4468ms] [WARNING] Invalid scope @ http://localhost:3000/_next/static/chunks/node_modules_next_dist_1e8vcs8._.js:776
[    4468ms] [WARNING] GSAP target .pre-loader not found. https://gsap.com @ http://localhost:3000/_next/static/chunks/node_modules_next_dist_1e8vcs8._.js:776
[    4469ms] [WARNING] Invalid scope @ http://localhost:3000/_next/static/chunks/node_modules_next_dist_1e8vcs8._.js:776
[    4469ms] [WARNING] GSAP target .pre-loader not found. https://gsap.com @ http://localhost:3000/_next/static/chunks/node_modules_next_dist_1e8vcs8._.js:776
[    4471ms] [WARNING] GSAP target  not found. https://gsap.com @ http://localhost:3000/_next/static/chunks/node_modules_next_dist_1e8vcs8._.js:776
[    4970ms] [WARNING] GSAP target  not found. https://gsap.com @ http://localhost:3000/_next/static/chunks/node_modules_next_dist_1e8vcs8._.js:776
[    5270ms] [WARNING] GSAP target  not found. https://gsap.com @ http://localhost:3000/_next/static/chunks/node_modules_next_dist_1e8vcs8._.js:776
[    5670ms] [WARNING] GSAP target  not found. https://gsap.com @ http://localhost:3000/_next/static/chunks/node_modules_next_dist_1e8vcs8._.js:776
[  180766ms] [LOG] [Fast Refresh] rebuilding @ http://localhost:3000/_next/static/chunks/node_modules_next_dist_1e8vcs8._.js:776
[  181030ms] [LOG] [Fast Refresh] done in 365ms @ http://localhost:3000/_next/static/chunks/node_modules_next_dist_1e8vcs8._.js:776
[  183965ms] [LOG] [Fast Refresh] rebuilding @ http://localhost:3000/_next/static/chunks/node_modules_next_dist_1e8vcs8._.js:776
[  183990ms] [LOG] [Fast Refresh] done in 126ms @ http://localhost:3000/_next/static/chunks/node_modules_next_dist_1e8vcs8._.js:776
[  205782ms] [LOG] [Fast Refresh] rebuilding @ http://localhost:3000/_next/static/chunks/node_modules_next_dist_1e8vcs8._.js:776
[  205961ms] [LOG] [Fast Refresh] done in 279ms @ http://localhost:3000/_next/static/chunks/node_modules_next_dist_1e8vcs8._.js:776
[  252863ms] [LOG] [Fast Refresh] rebuilding @ http://localhost:3000/_next/static/chunks/node_modules_next_dist_1e8vcs8._.js:776
[  253051ms] [LOG] [Fast Refresh] done in 289ms @ http://localhost:3000/_next/static/chunks/node_modules_next_dist_1e8vcs8._.js:776
[  344395ms] [LOG] [Fast Refresh] rebuilding @ http://localhost:3000/_next/static/chunks/node_modules_next_dist_1e8vcs8._.js:776
[  344624ms] [LOG] [Fast Refresh] done in 330ms @ http://localhost:3000/_next/static/chunks/node_modules_next_dist_1e8vcs8._.js:776
[  407874ms] [LOG] [Fast Refresh] rebuilding @ http://localhost:3000/_next/static/chunks/node_modules_next_dist_1e8vcs8._.js:776
[  408053ms] [LOG] [Fast Refresh] done in 279ms @ http://localhost:3000/_next/static/chunks/node_modules_next_dist_1e8vcs8._.js:776
[  409605ms] [LOG] [Fast Refresh] rebuilding @ http://localhost:3000/_next/static/chunks/node_modules_next_dist_1e8vcs8._.js:776
[  409771ms] [LOG] [Fast Refresh] done in 268ms @ http://localhost:3000/_next/static/chunks/node_modules_next_dist_1e8vcs8._.js:776
[  428111ms] [LOG] [Fast Refresh] rebuilding @ http://localhost:3000/_next/static/chunks/node_modules_next_dist_1e8vcs8._.js:776
[  428371ms] [LOG] [Fast Refresh] done in 240ms @ http://localhost:3000/_next/static/chunks/node_modules_next_dist_1e8vcs8._.js:776
[  457741ms] [LOG] [Fast Refresh] rebuilding @ http://localhost:3000/_next/static/chunks/node_modules_next_dist_1e8vcs8._.js:776
[  458008ms] [LOG] [Fast Refresh] done in 366ms @ http://localhost:3000/_next/static/chunks/node_modules_next_dist_1e8vcs8._.js:776
[  459402ms] [LOG] [Fast Refresh] rebuilding @ http://localhost:3000/_next/static/chunks/node_modules_next_dist_1e8vcs8._.js:776
[  459601ms] [LOG] [Fast Refresh] done in 300ms @ http://localhost:3000/_next/static/chunks/node_modules_next_dist_1e8vcs8._.js:776
[  497637ms] [LOG] [Fast Refresh] rebuilding @ http://localhost:3000/_next/static/chunks/node_modules_next_dist_1e8vcs8._.js:776
[  497875ms] [LOG] [Fast Refresh] done in 340ms @ http://localhost:3000/_next/static/chunks/node_modules_next_dist_1e8vcs8._.js:776
[  526428ms] [LOG] [Fast Refresh] rebuilding @ http://localhost:3000/_next/static/chunks/node_modules_next_dist_1e8vcs8._.js:776
[  526484ms] [LOG] [Fast Refresh] done in 21ms @ http://localhost:3000/_next/static/chunks/node_modules_next_dist_1e8vcs8._.js:776
[  526523ms] [LOG] [Fast Refresh] done in 21ms @ http://localhost:3000/_next/static/chunks/node_modules_next_dist_1e8vcs8._.js:776
[  526612ms] [WARNING] Invalid scope @ http://localhost:3000/_next/static/chunks/node_modules_next_dist_1e8vcs8._.js:776
[  526613ms] [WARNING] GSAP target .pre-name not found. https://gsap.com @ http://localhost:3000/_next/static/chunks/node_modules_next_dist_1e8vcs8._.js:776
[  526613ms] [WARNING] Invalid scope @ http://localhost:3000/_next/static/chunks/node_modules_next_dist_1e8vcs8._.js:776
[  526614ms] [WARNING] GSAP target  not found. https://gsap.com @ http://localhost:3000/_next/static/chunks/node_modules_next_dist_1e8vcs8._.js:776
[  526614ms] [WARNING] Invalid scope @ http://localhost:3000/_next/static/chunks/node_modules_next_dist_1e8vcs8._.js:776
[  526615ms] [WARNING] GSAP target .pre-sub not found. https://gsap.com @ http://localhost:3000/_next/static/chunks/node_modules_next_dist_1e8vcs8._.js:776
[  526615ms] [WARNING] Invalid scope @ http://localhost:3000/_next/static/chunks/node_modules_next_dist_1e8vcs8._.js:776
[  526616ms] [WARNING] GSAP target  not found. https://gsap.com @ http://localhost:3000/_next/static/chunks/node_modules_next_dist_1e8vcs8._.js:776
[  526616ms] [WARNING] Invalid scope @ http://localhost:3000/_next/static/chunks/node_modules_next_dist_1e8vcs8._.js:776
[  526617ms] [WARNING] GSAP target .gavel-progress not found. https://gsap.com @ http://localhost:3000/_next/static/chunks/node_modules_next_dist_1e8vcs8._.js:776
[  526618ms] [WARNING] Invalid scope @ http://localhost:3000/_next/static/chunks/node_modules_next_dist_1e8vcs8._.js:776
[  526618ms] [WARNING] GSAP target  not found. https://gsap.com @ http://localhost:3000/_next/static/chunks/node_modules_next_dist_1e8vcs8._.js:776
[  526619ms] [WARNING] Invalid scope @ http://localhost:3000/_next/static/chunks/node_modules_next_dist_1e8vcs8._.js:776
[  526619ms] [WARNING] GSAP target .pre-counter not found. https://gsap.com @ http://localhost:3000/_next/static/chunks/node_modules_next_dist_1e8vcs8._.js:776
[  526619ms] [WARNING] Invalid scope @ http://localhost:3000/_next/static/chunks/node_modules_next_dist_1e8vcs8._.js:776
[  526620ms] [WARNING] GSAP target  not found. https://gsap.com @ http://localhost:3000/_next/static/chunks/node_modules_next_dist_1e8vcs8._.js:776
[  526621ms] [WARNING] Invalid scope @ http://localhost:3000/_next/static/chunks/node_modules_next_dist_1e8vcs8._.js:776
[  526621ms] [WARNING] GSAP target .pre-counter-text not found. https://gsap.com @ http://localhost:3000/_next/static/chunks/node_modules_next_dist_1e8vcs8._.js:776
[  526622ms] [WARNING] Invalid scope @ http://localhost:3000/_next/static/chunks/node_modules_next_dist_1e8vcs8._.js:776
[  526622ms] [WARNING] GSAP target .pre-loader not found. https://gsap.com @ http://localhost:3000/_next/static/chunks/node_modules_next_dist_1e8vcs8._.js:776
[  526623ms] [WARNING] Invalid scope @ http://localhost:3000/_next/static/chunks/node_modules_next_dist_1e8vcs8._.js:776
[  526623ms] [WARNING] GSAP target .pre-loader not found. https://gsap.com @ http://localhost:3000/_next/static/chunks/node_modules_next_dist_1e8vcs8._.js:776
[  526625ms] [WARNING] GSAP target  not found. https://gsap.com @ http://localhost:3000/_next/static/chunks/node_modules_next_dist_1e8vcs8._.js:776
[  527113ms] [WARNING] GSAP target  not found. https://gsap.com @ http://localhost:3000/_next/static/chunks/node_modules_next_dist_1e8vcs8._.js:776
[  527413ms] [WARNING] GSAP target  not found. https://gsap.com @ http://localhost:3000/_next/static/chunks/node_modules_next_dist_1e8vcs8._.js:776
[  527813ms] [WARNING] GSAP target  not found. https://gsap.com @ http://localhost:3000/_next/static/chunks/node_modules_next_dist_1e8vcs8._.js:776
[  565410ms] [LOG] [Fast Refresh] rebuilding @ http://localhost:3000/_next/static/chunks/node_modules_next_dist_1e8vcs8._.js:776
[  565537ms] [LOG] [Fast Refresh] done in 228ms @ http://localhost:3000/_next/static/chunks/node_modules_next_dist_1e8vcs8._.js:776
[  642505ms] [LOG] [Fast Refresh] rebuilding @ http://localhost:3000/_next/static/chunks/node_modules_next_dist_1e8vcs8._.js:776
[  642602ms] [LOG] [Fast Refresh] done in 198ms @ http://localhost:3000/_next/static/chunks/node_modules_next_dist_1e8vcs8._.js:776
[ 2951330ms] [ERROR] WebSocket connection to 'ws://localhost:3000/_next/hmr?id=3Y91uXWXiLsjqLbq50RwU' failed: Error in connection establishment: net::ERR_CONNECTION_REFUSED @ http://localhost:3000/_next/static/chunks/node_modules_next_dist_client_0_90u2t._.js:16256
[ 2954635ms] [ERROR] WebSocket connection to 'ws://localhost:3000/_next/hmr?id=3Y91uXWXiLsjqLbq50RwU' failed: Error in connection establishment: net::ERR_CONNECTION_REFUSED @ http://localhost:3000/_next/static/chunks/node_modules_next_dist_client_0_90u2t._.js:16256
[ 2958373ms] [LOG] [HMR] connected @ http://localhost:3000/_next/static/chunks/node_modules_next_dist_1e8vcs8._.js:776
[ 2959177ms] [INFO] %cDownload the React DevTools for a better development experience: https://react.dev/link/react-devtools font-weight:bold @ http://localhost:3000/_next/static/chunks/node_modules_next_dist_1e8vcs8._.js:776
[ 2959216ms] [LOG] [HMR] connected @ http://localhost:3000/_next/static/chunks/node_modules_next_dist_1e8vcs8._.js:776
[ 2959368ms] [WARNING] GSAP target .pre-loader not found. https://gsap.com @ http://localhost:3000/_next/static/chunks/node_modules_next_dist_1e8vcs8._.js:776
[ 2959369ms] [WARNING] GSAP target .pre-loader not found. https://gsap.com @ http://localhost:3000/_next/static/chunks/node_modules_next_dist_1e8vcs8._.js:776
[ 2959374ms] [WARNING] GSAP target .hero-name .char-mask not found. https://gsap.com @ http://localhost:3000/_next/static/chunks/node_modules_next_dist_1e8vcs8._.js:776
[ 2959375ms] [WARNING] GSAP target  not found. https://gsap.com @ http://localhost:3000/_next/static/chunks/node_modules_next_dist_1e8vcs8._.js:776
[ 2959386ms] [WARNING] GSAP target .heading-desc not found. https://gsap.com @ http://localhost:3000/_next/static/chunks/node_modules_next_dist_1e8vcs8._.js:776
[ 2959387ms] [WARNING] GSAP target  not found. https://gsap.com @ http://localhost:3000/_next/static/chunks/node_modules_next_dist_1e8vcs8._.js:776
[ 2959388ms] [WARNING] GSAP target  not found. https://gsap.com @ http://localhost:3000/_next/static/chunks/node_modules_next_dist_1e8vcs8._.js:776
[ 2959389ms] [WARNING] GSAP target [object NodeList] not found. https://gsap.com @ http://localhost:3000/_next/static/chunks/node_modules_next_dist_1e8vcs8._.js:776
[ 2959390ms] [WARNING] GSAP target  not found. https://gsap.com @ http://localhost:3000/_next/static/chunks/node_modules_next_dist_1e8vcs8._.js:776
[ 2959391ms] [WARNING] GSAP target  not found. https://gsap.com @ http://localhost:3000/_next/static/chunks/node_modules_next_dist_1e8vcs8._.js:776
[ 2959392ms] [WARNING] GSAP target [object NodeList] not found. https://gsap.com @ http://localhost:3000/_next/static/chunks/node_modules_next_dist_1e8vcs8._.js:776
[ 2959392ms] [WARNING] GSAP target  not found. https://gsap.com @ http://localhost:3000/_next/static/chunks/node_modules_next_dist_1e8vcs8._.js:776
[ 2959393ms] [WARNING] GSAP target  not found. https://gsap.com @ http://localhost:3000/_next/static/chunks/node_modules_next_dist_1e8vcs8._.js:776
[ 2959394ms] [WARNING] GSAP target [object NodeList] not found. https://gsap.com @ http://localhost:3000/_next/static/chunks/node_modules_next_dist_1e8vcs8._.js:776
[ 2959394ms] [WARNING] GSAP target  not found. https://gsap.com @ http://localhost:3000/_next/static/chunks/node_modules_next_dist_1e8vcs8._.js:776
[ 2959395ms] [WARNING] GSAP target  not found. https://gsap.com @ http://localhost:3000/_next/static/chunks/node_modules_next_dist_1e8vcs8._.js:776
[ 2959396ms] [WARNING] GSAP target [object NodeList] not found. https://gsap.com @ http://localhost:3000/_next/static/chunks/node_modules_next_dist_1e8vcs8._.js:776
[ 2959397ms] [WARNING] GSAP target  not found. https://gsap.com @ http://localhost:3000/_next/static/chunks/node_modules_next_dist_1e8vcs8._.js:776
[ 2959397ms] [WARNING] GSAP target  not found. https://gsap.com @ http://localhost:3000/_next/static/chunks/node_modules_next_dist_1e8vcs8._.js:776
[ 2959400ms] [WARNING] Element not found: #prologue @ http://localhost:3000/_next/static/chunks/node_modules_next_dist_1e8vcs8._.js:776
[ 2959402ms] [WARNING] Element not found: #prologue @ http://localhost:3000/_next/static/chunks/node_modules_next_dist_1e8vcs8._.js:776
[ 2959425ms] [WARNING] GSAP target .verdict-rule not found. https://gsap.com @ http://localhost:3000/_next/static/chunks/node_modules_next_dist_1e8vcs8._.js:776
[ 2959426ms] [WARNING] GSAP target  not found. https://gsap.com @ http://localhost:3000/_next/static/chunks/node_modules_next_dist_1e8vcs8._.js:776
[ 2959426ms] [WARNING] GSAP target  not found. https://gsap.com @ http://localhost:3000/_next/static/chunks/node_modules_next_dist_1e8vcs8._.js:776
[ 2959482ms] [WARNING] GSAP target  not found. https://gsap.com @ http://localhost:3000/_next/static/chunks/node_modules_next_dist_1e8vcs8._.js:776
[ 2959486ms] [WARNING] GSAP target  not found. https://gsap.com @ http://localhost:3000/_next/static/chunks/node_modules_next_dist_1e8vcs8._.js:776
[ 2959486ms] [WARNING] GSAP target  not found. https://gsap.com @ http://localhost:3000/_next/static/chunks/node_modules_next_dist_1e8vcs8._.js:776
[ 2959487ms] [WARNING] GSAP target  not found. https://gsap.com @ http://localhost:3000/_next/static/chunks/node_modules_next_dist_1e8vcs8._.js:776
[ 2959495ms] [WARNING] GSAP target  not found. https://gsap.com @ http://localhost:3000/_next/static/chunks/node_modules_next_dist_1e8vcs8._.js:776
[ 2959496ms] [WARNING] GSAP target  not found. https://gsap.com @ http://localhost:3000/_next/static/chunks/node_modules_next_dist_1e8vcs8._.js:776
[ 2959496ms] [WARNING] GSAP target  not found. https://gsap.com @ http://localhost:3000/_next/static/chunks/node_modules_next_dist_1e8vcs8._.js:776
[ 2959497ms] [WARNING] GSAP target  not found. https://gsap.com @ http://localhost:3000/_next/static/chunks/node_modules_next_dist_1e8vcs8._.js:776
[ 2959497ms] [WARNING] GSAP target  not found. https://gsap.com @ http://localhost:3000/_next/static/chunks/node_modules_next_dist_1e8vcs8._.js:776
[ 2959498ms] [WARNING] GSAP target  not found. https://gsap.com @ http://localhost:3000/_next/static/chunks/node_modules_next_dist_1e8vcs8._.js:776
[ 2959498ms] [WARNING] GSAP target  not found. https://gsap.com @ http://localhost:3000/_next/static/chunks/node_modules_next_dist_1e8vcs8._.js:776
[ 2959499ms] [WARNING] GSAP target  not found. https://gsap.com @ http://localhost:3000/_next/static/chunks/node_modules_next_dist_1e8vcs8._.js:776
[ 2959499ms] [WARNING] GSAP target  not found. https://gsap.com @ http://localhost:3000/_next/static/chunks/node_modules_next_dist_1e8vcs8._.js:776
[ 2959500ms] [WARNING] GSAP target  not found. https://gsap.com @ http://localhost:3000/_next/static/chunks/node_modules_next_dist_1e8vcs8._.js:776
[ 2959500ms] [WARNING] GSAP target  not found. https://gsap.com @ http://localhost:3000/_next/static/chunks/node_modules_next_dist_1e8vcs8._.js:776
[ 2959501ms] [WARNING] GSAP target  not found. https://gsap.com @ http://localhost:3000/_next/static/chunks/node_modules_next_dist_1e8vcs8._.js:776
[ 2959530ms] [WARNING] GSAP target  not found. https://gsap.com @ http://localhost:3000/_next/static/chunks/node_modules_next_dist_1e8vcs8._.js:776
[ 2959530ms] [WARNING] GSAP target  not found. https://gsap.com @ http://localhost:3000/_next/static/chunks/node_modules_next_dist_1e8vcs8._.js:776
[ 2959534ms] [WARNING] GSAP target  not found. https://gsap.com @ http://localhost:3000/_next/static/chunks/node_modules_next_dist_1e8vcs8._.js:776
[ 2959610ms] [WARNING] GSAP target .pre-loader not found. https://gsap.com @ http://localhost:3000/_next/static/chunks/node_modules_next_dist_1e8vcs8._.js:776
[ 2959610ms] [WARNING] GSAP target .pre-loader not found. https://gsap.com @ http://localhost:3000/_next/static/chunks/node_modules_next_dist_1e8vcs8._.js:776
[ 2959613ms] [WARNING] GSAP target .hero-name .char-mask not found. https://gsap.com @ http://localhost:3000/_next/static/chunks/node_modules_next_dist_1e8vcs8._.js:776
[ 2959613ms] [WARNING] GSAP target  not found. https://gsap.com @ http://localhost:3000/_next/static/chunks/node_modules_next_dist_1e8vcs8._.js:776
[ 2959622ms] [WARNING] GSAP target .heading-desc not found. https://gsap.com @ http://localhost:3000/_next/static/chunks/node_modules_next_dist_1e8vcs8._.js:776
[ 2959622ms] [WARNING] GSAP target  not found. https://gsap.com @ http://localhost:3000/_next/static/chunks/node_modules_next_dist_1e8vcs8._.js:776
[ 2959623ms] [WARNING] GSAP target  not found. https://gsap.com @ http://localhost:3000/_next/static/chunks/node_modules_next_dist_1e8vcs8._.js:776
[ 2959623ms] [WARNING] GSAP target [object NodeList] not found. https://gsap.com @ http://localhost:3000/_next/static/chunks/node_modules_next_dist_1e8vcs8._.js:776
[ 2959624ms] [WARNING] GSAP target  not found. https://gsap.com @ http://localhost:3000/_next/static/chunks/node_modules_next_dist_1e8vcs8._.js:776
[ 2959625ms] [WARNING] GSAP target  not found. https://gsap.com @ http://localhost:3000/_next/static/chunks/node_modules_next_dist_1e8vcs8._.js:776
[ 2959626ms] [WARNING] GSAP target [object NodeList] not found. https://gsap.com @ http://localhost:3000/_next/static/chunks/node_modules_next_dist_1e8vcs8._.js:776
[ 2959627ms] [WARNING] GSAP target  not found. https://gsap.com @ http://localhost:3000/_next/static/chunks/node_modules_next_dist_1e8vcs8._.js:776
[ 2959627ms] [WARNING] GSAP target  not found. https://gsap.com @ http://localhost:3000/_next/static/chunks/node_modules_next_dist_1e8vcs8._.js:776
[ 2959629ms] [WARNING] GSAP target [object NodeList] not found. https://gsap.com @ http://localhost:3000/_next/static/chunks/node_modules_next_dist_1e8vcs8._.js:776
[ 2959629ms] [WARNING] GSAP target  not found. https://gsap.com @ http://localhost:3000/_next/static/chunks/node_modules_next_dist_1e8vcs8._.js:776
[ 2959630ms] [WARNING] GSAP target  not found. https://gsap.com @ http://localhost:3000/_next/static/chunks/node_modules_next_dist_1e8vcs8._.js:776
[ 2959631ms] [WARNING] GSAP target [object NodeList] not found. https://gsap.com @ http://localhost:3000/_next/static/chunks/node_modules_next_dist_1e8vcs8._.js:776
[ 2959632ms] [WARNING] GSAP target  not found. https://gsap.com @ http://localhost:3000/_next/static/chunks/node_modules_next_dist_1e8vcs8._.js:776
[ 2959632ms] [WARNING] GSAP target  not found. https://gsap.com @ http://localhost:3000/_next/static/chunks/node_modules_next_dist_1e8vcs8._.js:776
[ 2959635ms] [WARNING] Element not found: #prologue @ http://localhost:3000/_next/static/chunks/node_modules_next_dist_1e8vcs8._.js:776
[ 2959637ms] [WARNING] Element not found: #prologue @ http://localhost:3000/_next/static/chunks/node_modules_next_dist_1e8vcs8._.js:776
[ 2959656ms] [WARNING] GSAP target .verdict-rule not found. https://gsap.com @ http://localhost:3000/_next/static/chunks/node_modules_next_dist_1e8vcs8._.js:776
[ 2959656ms] [WARNING] GSAP target  not found. https://gsap.com @ http://localhost:3000/_next/static/chunks/node_modules_next_dist_1e8vcs8._.js:776
[ 2959657ms] [WARNING] GSAP target  not found. https://gsap.com @ http://localhost:3000/_next/static/chunks/node_modules_next_dist_1e8vcs8._.js:776
[ 2959943ms] [LOG] [Fast Refresh] rebuilding @ http://localhost:3000/_next/static/chunks/node_modules_next_dist_1e8vcs8._.js:776
[ 2960059ms] [LOG] [Fast Refresh] done in 216ms @ http://localhost:3000/_next/static/chunks/node_modules_next_dist_1e8vcs8._.js:776
[ 2962617ms] [LOG] [Fast Refresh] rebuilding @ http://localhost:3000/_next/static/chunks/node_modules_next_dist_1e8vcs8._.js:776
[ 2962689ms] [LOG] [Fast Refresh] done in 175ms @ http://localhost:3000/_next/static/chunks/node_modules_next_dist_1e8vcs8._.js:776
[ 2962828ms] [WARNING] GSAP target  not found. https://gsap.com @ http://localhost:3000/_next/static/chunks/node_modules_next_dist_1e8vcs8._.js:776
[ 2962985ms] [WARNING] Invalid scope @ http://localhost:3000/_next/static/chunks/node_modules_next_dist_1e8vcs8._.js:776
[ 2962986ms] [WARNING] GSAP target .pre-name not found. https://gsap.com @ http://localhost:3000/_next/static/chunks/node_modules_next_dist_1e8vcs8._.js:776
[ 2962987ms] [WARNING] Invalid scope @ http://localhost:3000/_next/static/chunks/node_modules_next_dist_1e8vcs8._.js:776
[ 2962987ms] [WARNING] GSAP target  not found. https://gsap.com @ http://localhost:3000/_next/static/chunks/node_modules_next_dist_1e8vcs8._.js:776
[ 2962988ms] [WARNING] Invalid scope @ http://localhost:3000/_next/static/chunks/node_modules_next_dist_1e8vcs8._.js:776
[ 2962988ms] [WARNING] GSAP target .pre-sub not found. https://gsap.com @ http://localhost:3000/_next/static/chunks/node_modules_next_dist_1e8vcs8._.js:776
[ 2962989ms] [WARNING] Invalid scope @ http://localhost:3000/_next/static/chunks/node_modules_next_dist_1e8vcs8._.js:776
[ 2962989ms] [WARNING] GSAP target  not found. https://gsap.com @ http://localhost:3000/_next/static/chunks/node_modules_next_dist_1e8vcs8._.js:776
[ 2962990ms] [WARNING] Invalid scope @ http://localhost:3000/_next/static/chunks/node_modules_next_dist_1e8vcs8._.js:776
[ 2962990ms] [WARNING] GSAP target .gavel-progress not found. https://gsap.com @ http://localhost:3000/_next/static/chunks/node_modules_next_dist_1e8vcs8._.js:776
[ 2962991ms] [WARNING] Invalid scope @ http://localhost:3000/_next/static/chunks/node_modules_next_dist_1e8vcs8._.js:776
[ 2962991ms] [WARNING] GSAP target  not found. https://gsap.com @ http://localhost:3000/_next/static/chunks/node_modules_next_dist_1e8vcs8._.js:776
[ 2962992ms] [WARNING] Invalid scope @ http://localhost:3000/_next/static/chunks/node_modules_next_dist_1e8vcs8._.js:776
[ 2962992ms] [WARNING] GSAP target .pre-counter not found. https://gsap.com @ http://localhost:3000/_next/static/chunks/node_modules_next_dist_1e8vcs8._.js:776
[ 2962993ms] [WARNING] Invalid scope @ http://localhost:3000/_next/static/chunks/node_modules_next_dist_1e8vcs8._.js:776
[ 2962993ms] [WARNING] GSAP target  not found. https://gsap.com @ http://localhost:3000/_next/static/chunks/node_modules_next_dist_1e8vcs8._.js:776
[ 2962994ms] [WARNING] Invalid scope @ http://localhost:3000/_next/static/chunks/node_modules_next_dist_1e8vcs8._.js:776
[ 2962994ms] [WARNING] GSAP target .pre-counter-text not found. https://gsap.com @ http://localhost:3000/_next/static/chunks/node_modules_next_dist_1e8vcs8._.js:776
[ 2962995ms] [WARNING] Invalid scope @ http://localhost:3000/_next/static/chunks/node_modules_next_dist_1e8vcs8._.js:776
[ 2962995ms] [WARNING] GSAP target .pre-loader not found. https://gsap.com @ http://localhost:3000/_next/static/chunks/node_modules_next_dist_1e8vcs8._.js:776
[ 2962996ms] [WARNING] Invalid scope @ http://localhost:3000/_next/static/chunks/node_modules_next_dist_1e8vcs8._.js:776
[ 2962997ms] [WARNING] GSAP target .pre-loader not found. https://gsap.com @ http://localhost:3000/_next/static/chunks/node_modules_next_dist_1e8vcs8._.js:776
[ 2962998ms] [WARNING] GSAP target  not found. https://gsap.com @ http://localhost:3000/_next/static/chunks/node_modules_next_dist_1e8vcs8._.js:776
[ 2963495ms] [WARNING] GSAP target  not found. https://gsap.com @ http://localhost:3000/_next/static/chunks/node_modules_next_dist_1e8vcs8._.js:776
[ 2963795ms] [WARNING] GSAP target  not found. https://gsap.com @ http://localhost:3000/_next/static/chunks/node_modules_next_dist_1e8vcs8._.js:776
[ 2964195ms] [WARNING] GSAP target  not found. https://gsap.com @ http://localhost:3000/_next/static/chunks/node_modules_next_dist_1e8vcs8._.js:776
[ 3767469ms] [LOG] [Fast Refresh] rebuilding @ http://localhost:3000/_next/static/chunks/node_modules_next_dist_1e8vcs8._.js:776
[ 3768011ms] [LOG] [Fast Refresh] done in 587ms @ http://localhost:3000/_next/static/chunks/node_modules_next_dist_1e8vcs8._.js:776
[ 3790629ms] [LOG] [Fast Refresh] rebuilding @ http://localhost:3000/_next/static/chunks/node_modules_next_dist_1e8vcs8._.js:776
[ 3790687ms] [LOG] [Fast Refresh] done in 29ms @ http://localhost:3000/_next/static/chunks/node_modules_next_dist_1e8vcs8._.js:776
[ 3804276ms] [LOG] [Fast Refresh] rebuilding @ http://localhost:3000/_next/static/chunks/node_modules_next_dist_1e8vcs8._.js:776
[ 3804340ms] [LOG] [Fast Refresh] done in 10ms @ http://localhost:3000/_next/static/chunks/node_modules_next_dist_1e8vcs8._.js:776
[ 3841128ms] [LOG] [Fast Refresh] rebuilding @ http://localhost:3000/_next/static/chunks/node_modules_next_dist_1e8vcs8._.js:776
[ 3841196ms] [LOG] [Fast Refresh] done in 19ms @ http://localhost:3000/_next/static/chunks/node_modules_next_dist_1e8vcs8._.js:776
[ 3841216ms] [LOG] [Fast Refresh] done in 19ms @ http://localhost:3000/_next/static/chunks/node_modules_next_dist_1e8vcs8._.js:776
[ 3841339ms] [WARNING] Invalid scope @ http://localhost:3000/_next/static/chunks/node_modules_next_dist_1e8vcs8._.js:776
[ 3841340ms] [WARNING] GSAP target .pre-name not found. https://gsap.com @ http://localhost:3000/_next/static/chunks/node_modules_next_dist_1e8vcs8._.js:776
[ 3841340ms] [WARNING] Invalid scope @ http://localhost:3000/_next/static/chunks/node_modules_next_dist_1e8vcs8._.js:776
[ 3841341ms] [WARNING] GSAP target  not found. https://gsap.com @ http://localhost:3000/_next/static/chunks/node_modules_next_dist_1e8vcs8._.js:776
[ 3841341ms] [WARNING] Invalid scope @ http://localhost:3000/_next/static/chunks/node_modules_next_dist_1e8vcs8._.js:776
[ 3841342ms] [WARNING] GSAP target .pre-sub not found. https://gsap.com @ http://localhost:3000/_next/static/chunks/node_modules_next_dist_1e8vcs8._.js:776
[ 3841342ms] [WARNING] Invalid scope @ http://localhost:3000/_next/static/chunks/node_modules_next_dist_1e8vcs8._.js:776
[ 3841342ms] [WARNING] GSAP target  not found. https://gsap.com @ http://localhost:3000/_next/static/chunks/node_modules_next_dist_1e8vcs8._.js:776
[ 3841343ms] [WARNING] Invalid scope @ http://localhost:3000/_next/static/chunks/node_modules_next_dist_1e8vcs8._.js:776
[ 3841344ms] [WARNING] GSAP target .gavel-progress not found. https://gsap.com @ http://localhost:3000/_next/static/chunks/node_modules_next_dist_1e8vcs8._.js:776
[ 3841344ms] [WARNING] Invalid scope @ http://localhost:3000/_next/static/chunks/node_modules_next_dist_1e8vcs8._.js:776
[ 3841345ms] [WARNING] GSAP target  not found. https://gsap.com @ http://localhost:3000/_next/static/chunks/node_modules_next_dist_1e8vcs8._.js:776
[ 3841345ms] [WARNING] Invalid scope @ http://localhost:3000/_next/static/chunks/node_modules_next_dist_1e8vcs8._.js:776
[ 3841345ms] [WARNING] GSAP target .pre-counter not found. https://gsap.com @ http://localhost:3000/_next/static/chunks/node_modules_next_dist_1e8vcs8._.js:776
[ 3841346ms] [WARNING] Invalid scope @ http://localhost:3000/_next/static/chunks/node_modules_next_dist_1e8vcs8._.js:776
[ 3841346ms] [WARNING] GSAP target  not found. https://gsap.com @ http://localhost:3000/_next/static/chunks/node_modules_next_dist_1e8vcs8._.js:776
[ 3841347ms] [WARNING] Invalid scope @ http://localhost:3000/_next/static/chunks/node_modules_next_dist_1e8vcs8._.js:776
[ 3841347ms] [WARNING] GSAP target .pre-counter-text not found. https://gsap.com @ http://localhost:3000/_next/static/chunks/node_modules_next_dist_1e8vcs8._.js:776
[ 3841348ms] [WARNING] Invalid scope @ http://localhost:3000/_next/static/chunks/node_modules_next_dist_1e8vcs8._.js:776
[ 3841348ms] [WARNING] GSAP target .pre-loader not found. https://gsap.com @ http://localhost:3000/_next/static/chunks/node_modules_next_dist_1e8vcs8._.js:776
[ 3841349ms] [WARNING] Invalid scope @ http://localhost:3000/_next/static/chunks/node_modules_next_dist_1e8vcs8._.js:776
[ 3841350ms] [WARNING] GSAP target .pre-loader not found. https://gsap.com @ http://localhost:3000/_next/static/chunks/node_modules_next_dist_1e8vcs8._.js:776
[ 3841352ms] [WARNING] GSAP target  not found. https://gsap.com @ http://localhost:3000/_next/static/chunks/node_modules_next_dist_1e8vcs8._.js:776
[ 3841846ms] [WARNING] GSAP target  not found. https://gsap.com @ http://localhost:3000/_next/static/chunks/node_modules_next_dist_1e8vcs8._.js:776
[ 3842146ms] [WARNING] GSAP target  not found. https://gsap.com @ http://localhost:3000/_next/static/chunks/node_modules_next_dist_1e8vcs8._.js:776
[ 3842546ms] [WARNING] GSAP target  not found. https://gsap.com @ http://localhost:3000/_next/static/chunks/node_modules_next_dist_1e8vcs8._.js:776
[ 3870260ms] [LOG] [Fast Refresh] rebuilding @ http://localhost:3000/_next/static/chunks/node_modules_next_dist_1e8vcs8._.js:776
[ 3870322ms] [LOG] [Fast Refresh] done in 11ms @ http://localhost:3000/_next/static/chunks/node_modules_next_dist_1e8vcs8._.js:776
[ 3870490ms] [WARNING] Invalid scope @ http://localhost:3000/_next/static/chunks/node_modules_next_dist_1e8vcs8._.js:776
[ 3870491ms] [WARNING] GSAP target .pre-name not found. https://gsap.com @ http://localhost:3000/_next/static/chunks/node_modules_next_dist_1e8vcs8._.js:776
[ 3870491ms] [WARNING] Invalid scope @ http://localhost:3000/_next/static/chunks/node_modules_next_dist_1e8vcs8._.js:776
[ 3870492ms] [WARNING] GSAP target  not found. https://gsap.com @ http://localhost:3000/_next/static/chunks/node_modules_next_dist_1e8vcs8._.js:776
[ 3870492ms] [WARNING] Invalid scope @ http://localhost:3000/_next/static/chunks/node_modules_next_dist_1e8vcs8._.js:776
[ 3870492ms] [WARNING] GSAP target .pre-sub not found. https://gsap.com @ http://localhost:3000/_next/static/chunks/node_modules_next_dist_1e8vcs8._.js:776
[ 3870493ms] [WARNING] Invalid scope @ http://localhost:3000/_next/static/chunks/node_modules_next_dist_1e8vcs8._.js:776
[ 3870493ms] [WARNING] GSAP target  not found. https://gsap.com @ http://localhost:3000/_next/static/chunks/node_modules_next_dist_1e8vcs8._.js:776
[ 3870493ms] [WARNING] Invalid scope @ http://localhost:3000/_next/static/chunks/node_modules_next_dist_1e8vcs8._.js:776
[ 3870494ms] [WARNING] GSAP target .gavel-progress not found. https://gsap.com @ http://localhost:3000/_next/static/chunks/node_modules_next_dist_1e8vcs8._.js:776
[ 3870494ms] [WARNING] Invalid scope @ http://localhost:3000/_next/static/chunks/node_modules_next_dist_1e8vcs8._.js:776
[ 3870494ms] [WARNING] GSAP target  not found. https://gsap.com @ http://localhost:3000/_next/static/chunks/node_modules_next_dist_1e8vcs8._.js:776
[ 3870495ms] [WARNING] Invalid scope @ http://localhost:3000/_next/static/chunks/node_modules_next_dist_1e8vcs8._.js:776
[ 3870495ms] [WARNING] GSAP target .pre-counter not found. https://gsap.com @ http://localhost:3000/_next/static/chunks/node_modules_next_dist_1e8vcs8._.js:776
[ 3870495ms] [WARNING] Invalid scope @ http://localhost:3000/_next/static/chunks/node_modules_next_dist_1e8vcs8._.js:776
[ 3870496ms] [WARNING] GSAP target  not found. https://gsap.com @ http://localhost:3000/_next/static/chunks/node_modules_next_dist_1e8vcs8._.js:776
[ 3870496ms] [WARNING] Invalid scope @ http://localhost:3000/_next/static/chunks/node_modules_next_dist_1e8vcs8._.js:776
[ 3870496ms] [WARNING] GSAP target .pre-counter-text not found. https://gsap.com @ http://localhost:3000/_next/static/chunks/node_modules_next_dist_1e8vcs8._.js:776
[ 3870497ms] [WARNING] Invalid scope @ http://localhost:3000/_next/static/chunks/node_modules_next_dist_1e8vcs8._.js:776
[ 3870497ms] [WARNING] GSAP target .pre-loader not found. https://gsap.com @ http://localhost:3000/_next/static/chunks/node_modules_next_dist_1e8vcs8._.js:776
[ 3870498ms] [WARNING] Invalid scope @ http://localhost:3000/_next/static/chunks/node_modules_next_dist_1e8vcs8._.js:776
[ 3870498ms] [WARNING] GSAP target .pre-loader not found. https://gsap.com @ http://localhost:3000/_next/static/chunks/node_modules_next_dist_1e8vcs8._.js:776
[ 3870501ms] [WARNING] GSAP target  not found. https://gsap.com @ http://localhost:3000/_next/static/chunks/node_modules_next_dist_1e8vcs8._.js:776
[ 3870996ms] [WARNING] GSAP target  not found. https://gsap.com @ http://localhost:3000/_next/static/chunks/node_modules_next_dist_1e8vcs8._.js:776
[ 3871296ms] [WARNING] GSAP target  not found. https://gsap.com @ http://localhost:3000/_next/static/chunks/node_modules_next_dist_1e8vcs8._.js:776
[ 3871696ms] [WARNING] GSAP target  not found. https://gsap.com @ http://localhost:3000/_next/static/chunks/node_modules_next_dist_1e8vcs8._.js:776
[ 3924517ms] [LOG] [Fast Refresh] rebuilding @ http://localhost:3000/_next/static/chunks/node_modules_next_dist_1e8vcs8._.js:776
[ 3924581ms] [LOG] [Fast Refresh] done in 10ms @ http://localhost:3000/_next/static/chunks/node_modules_next_dist_1e8vcs8._.js:776
[ 3924702ms] [WARNING] Invalid scope @ http://localhost:3000/_next/static/chunks/node_modules_next_dist_1e8vcs8._.js:776
[ 3924702ms] [WARNING] GSAP target .pre-name not found. https://gsap.com @ http://localhost:3000/_next/static/chunks/node_modules_next_dist_1e8vcs8._.js:776
[ 3924703ms] [WARNING] Invalid scope @ http://localhost:3000/_next/static/chunks/node_modules_next_dist_1e8vcs8._.js:776
[ 3924703ms] [WARNING] GSAP target  not found. https://gsap.com @ http://localhost:3000/_next/static/chunks/node_modules_next_dist_1e8vcs8._.js:776
[ 3924704ms] [WARNING] Invalid scope @ http://localhost:3000/_next/static/chunks/node_modules_next_dist_1e8vcs8._.js:776
[ 3924704ms] [WARNING] GSAP target .pre-sub not found. https://gsap.com @ http://localhost:3000/_next/static/chunks/node_modules_next_dist_1e8vcs8._.js:776
[ 3924705ms] [WARNING] Invalid scope @ http://localhost:3000/_next/static/chunks/node_modules_next_dist_1e8vcs8._.js:776
[ 3924705ms] [WARNING] GSAP target  not found. https://gsap.com @ http://localhost:3000/_next/static/chunks/node_modules_next_dist_1e8vcs8._.js:776
[ 3924706ms] [WARNING] Invalid scope @ http://localhost:3000/_next/static/chunks/node_modules_next_dist_1e8vcs8._.js:776
[ 3924706ms] [WARNING] GSAP target .gavel-progress not found. https://gsap.com @ http://localhost:3000/_next/static/chunks/node_modules_next_dist_1e8vcs8._.js:776
[ 3924707ms] [WARNING] Invalid scope @ http://localhost:3000/_next/static/chunks/node_modules_next_dist_1e8vcs8._.js:776
[ 3924708ms] [WARNING] GSAP target  not found. https://gsap.com @ http://localhost:3000/_next/static/chunks/node_modules_next_dist_1e8vcs8._.js:776
[ 3924708ms] [WARNING] Invalid scope @ http://localhost:3000/_next/static/chunks/node_modules_next_dist_1e8vcs8._.js:776
[ 3924709ms] [WARNING] GSAP target .pre-counter not found. https://gsap.com @ http://localhost:3000/_next/static/chunks/node_modules_next_dist_1e8vcs8._.js:776
[ 3924709ms] [WARNING] Invalid scope @ http://localhost:3000/_next/static/chunks/node_modules_next_dist_1e8vcs8._.js:776
[ 3924710ms] [WARNING] GSAP target  not found. https://gsap.com @ http://localhost:3000/_next/static/chunks/node_modules_next_dist_1e8vcs8._.js:776
[ 3924710ms] [WARNING] Invalid scope @ http://localhost:3000/_next/static/chunks/node_modules_next_dist_1e8vcs8._.js:776
[ 3924710ms] [WARNING] GSAP target .pre-counter-text not found. https://gsap.com @ http://localhost:3000/_next/static/chunks/node_modules_next_dist_1e8vcs8._.js:776
[ 3924711ms] [WARNING] Invalid scope @ http://localhost:3000/_next/static/chunks/node_modules_next_dist_1e8vcs8._.js:776
[ 3924711ms] [WARNING] GSAP target .pre-loader not found. https://gsap.com @ http://localhost:3000/_next/static/chunks/node_modules_next_dist_1e8vcs8._.js:776
[ 3924712ms] [WARNING] Invalid scope @ http://localhost:3000/_next/static/chunks/node_modules_next_dist_1e8vcs8._.js:776
[ 3924713ms] [WARNING] GSAP target .pre-loader not found. https://gsap.com @ http://localhost:3000/_next/static/chunks/node_modules_next_dist_1e8vcs8._.js:776
[ 3924810ms] [WARNING] GSAP target  not found. https://gsap.com @ http://localhost:3000/_next/static/chunks/node_modules_next_dist_1e8vcs8._.js:776
[ 3925161ms] [WARNING] GSAP target  not found. https://gsap.com @ http://localhost:3000/_next/static/chunks/node_modules_next_dist_1e8vcs8._.js:776
[ 3925462ms] [WARNING] GSAP target  not found. https://gsap.com @ http://localhost:3000/_next/static/chunks/node_modules_next_dist_1e8vcs8._.js:776
[ 3925861ms] [WARNING] GSAP target  not found. https://gsap.com @ http://localhost:3000/_next/static/chunks/node_modules_next_dist_1e8vcs8._.js:776
[ 3949487ms] [LOG] [Fast Refresh] rebuilding @ http://localhost:3000/_next/static/chunks/node_modules_next_dist_1e8vcs8._.js:776
[ 3949550ms] [LOG] [Fast Refresh] done in 7ms @ http://localhost:3000/_next/static/chunks/node_modules_next_dist_1e8vcs8._.js:776
[ 3949670ms] [WARNING] Invalid scope @ http://localhost:3000/_next/static/chunks/node_modules_next_dist_1e8vcs8._.js:776
[ 3949670ms] [WARNING] GSAP target .pre-name not found. https://gsap.com @ http://localhost:3000/_next/static/chunks/node_modules_next_dist_1e8vcs8._.js:776
[ 3949670ms] [WARNING] Invalid scope @ http://localhost:3000/_next/static/chunks/node_modules_next_dist_1e8vcs8._.js:776
[ 3949671ms] [WARNING] GSAP target  not found. https://gsap.com @ http://localhost:3000/_next/static/chunks/node_modules_next_dist_1e8vcs8._.js:776
[ 3949671ms] [WARNING] Invalid scope @ http://localhost:3000/_next/static/chunks/node_modules_next_dist_1e8vcs8._.js:776
[ 3949671ms] [WARNING] GSAP target .pre-sub not found. https://gsap.com @ http://localhost:3000/_next/static/chunks/node_modules_next_dist_1e8vcs8._.js:776
[ 3949672ms] [WARNING] Invalid scope @ http://localhost:3000/_next/static/chunks/node_modules_next_dist_1e8vcs8._.js:776
[ 3949672ms] [WARNING] GSAP target  not found. https://gsap.com @ http://localhost:3000/_next/static/chunks/node_modules_next_dist_1e8vcs8._.js:776
[ 3949672ms] [WARNING] Invalid scope @ http://localhost:3000/_next/static/chunks/node_modules_next_dist_1e8vcs8._.js:776
[ 3949673ms] [WARNING] GSAP target .gavel-progress not found. https://gsap.com @ http://localhost:3000/_next/static/chunks/node_modules_next_dist_1e8vcs8._.js:776
[ 3949673ms] [WARNING] Invalid scope @ http://localhost:3000/_next/static/chunks/node_modules_next_dist_1e8vcs8._.js:776
[ 3949673ms] [WARNING] GSAP target  not found. https://gsap.com @ http://localhost:3000/_next/static/chunks/node_modules_next_dist_1e8vcs8._.js:776
[ 3949674ms] [WARNING] Invalid scope @ http://localhost:3000/_next/static/chunks/node_modules_next_dist_1e8vcs8._.js:776
[ 3949674ms] [WARNING] GSAP target .pre-counter not found. https://gsap.com @ http://localhost:3000/_next/static/chunks/node_modules_next_dist_1e8vcs8._.js:776
[ 3949674ms] [WARNING] Invalid scope @ http://localhost:3000/_next/static/chunks/node_modules_next_dist_1e8vcs8._.js:776
[ 3949675ms] [WARNING] GSAP target  not found. https://gsap.com @ http://localhost:3000/_next/static/chunks/node_modules_next_dist_1e8vcs8._.js:776
[ 3949675ms] [WARNING] Invalid scope @ http://localhost:3000/_next/static/chunks/node_modules_next_dist_1e8vcs8._.js:776
[ 3949676ms] [WARNING] GSAP target .pre-counter-text not found. https://gsap.com @ http://localhost:3000/_next/static/chunks/node_modules_next_dist_1e8vcs8._.js:776
[ 3949676ms] [WARNING] Invalid scope @ http://localhost:3000/_next/static/chunks/node_modules_next_dist_1e8vcs8._.js:776
[ 3949676ms] [WARNING] GSAP target .pre-loader not found. https://gsap.com @ http://localhost:3000/_next/static/chunks/node_modules_next_dist_1e8vcs8._.js:776
[ 3949677ms] [WARNING] Invalid scope @ http://localhost:3000/_next/static/chunks/node_modules_next_dist_1e8vcs8._.js:776
[ 3949677ms] [WARNING] GSAP target .pre-loader not found. https://gsap.com @ http://localhost:3000/_next/static/chunks/node_modules_next_dist_1e8vcs8._.js:776
[ 3949679ms] [WARNING] GSAP target  not found. https://gsap.com @ http://localhost:3000/_next/static/chunks/node_modules_next_dist_1e8vcs8._.js:776
[ 3950178ms] [WARNING] GSAP target  not found. https://gsap.com @ http://localhost:3000/_next/static/chunks/node_modules_next_dist_1e8vcs8._.js:776
[ 3950478ms] [WARNING] GSAP target  not found. https://gsap.com @ http://localhost:3000/_next/static/chunks/node_modules_next_dist_1e8vcs8._.js:776
[ 3950878ms] [WARNING] GSAP target  not found. https://gsap.com @ http://localhost:3000/_next/static/chunks/node_modules_next_dist_1e8vcs8._.js:776
[ 3980964ms] [LOG] [Fast Refresh] rebuilding @ http://localhost:3000/_next/static/chunks/node_modules_next_dist_1e8vcs8._.js:776
[ 3981023ms] [LOG] [Fast Refresh] done in 6ms @ http://localhost:3000/_next/static/chunks/node_modules_next_dist_1e8vcs8._.js:776
[ 3981090ms] [WARNING] Invalid scope @ http://localhost:3000/_next/static/chunks/node_modules_next_dist_1e8vcs8._.js:776
[ 3981090ms] [WARNING] GSAP target .pre-name not found. https://gsap.com @ http://localhost:3000/_next/static/chunks/node_modules_next_dist_1e8vcs8._.js:776
[ 3981091ms] [WARNING] Invalid scope @ http://localhost:3000/_next/static/chunks/node_modules_next_dist_1e8vcs8._.js:776
[ 3981091ms] [WARNING] GSAP target  not found. https://gsap.com @ http://localhost:3000/_next/static/chunks/node_modules_next_dist_1e8vcs8._.js:776
[ 3981092ms] [WARNING] Invalid scope @ http://localhost:3000/_next/static/chunks/node_modules_next_dist_1e8vcs8._.js:776
[ 3981092ms] [WARNING] GSAP target .pre-sub not found. https://gsap.com @ http://localhost:3000/_next/static/chunks/node_modules_next_dist_1e8vcs8._.js:776
[ 3981093ms] [WARNING] Invalid scope @ http://localhost:3000/_next/static/chunks/node_modules_next_dist_1e8vcs8._.js:776
[ 3981094ms] [WARNING] GSAP target  not found. https://gsap.com @ http://localhost:3000/_next/static/chunks/node_modules_next_dist_1e8vcs8._.js:776
[ 3981094ms] [WARNING] Invalid scope @ http://localhost:3000/_next/static/chunks/node_modules_next_dist_1e8vcs8._.js:776
[ 3981096ms] [WARNING] GSAP target .gavel-progress not found. https://gsap.com @ http://localhost:3000/_next/static/chunks/node_modules_next_dist_1e8vcs8._.js:776
[ 3981097ms] [WARNING] Invalid scope @ http://localhost:3000/_next/static/chunks/node_modules_next_dist_1e8vcs8._.js:776
[ 3981097ms] [WARNING] GSAP target  not found. https://gsap.com @ http://localhost:3000/_next/static/chunks/node_modules_next_dist_1e8vcs8._.js:776
[ 3981098ms] [WARNING] Invalid scope @ http://localhost:3000/_next/static/chunks/node_modules_next_dist_1e8vcs8._.js:776
[ 3981098ms] [WARNING] GSAP target .pre-counter not found. https://gsap.com @ http://localhost:3000/_next/static/chunks/node_modules_next_dist_1e8vcs8._.js:776
[ 3981099ms] [WARNING] Invalid scope @ http://localhost:3000/_next/static/chunks/node_modules_next_dist_1e8vcs8._.js:776
[ 3981099ms] [WARNING] GSAP target  not found. https://gsap.com @ http://localhost:3000/_next/static/chunks/node_modules_next_dist_1e8vcs8._.js:776
[ 3981100ms] [WARNING] Invalid scope @ http://localhost:3000/_next/static/chunks/node_modules_next_dist_1e8vcs8._.js:776
[ 3981100ms] [WARNING] GSAP target .pre-counter-text not found. https://gsap.com @ http://localhost:3000/_next/static/chunks/node_modules_next_dist_1e8vcs8._.js:776
[ 3981101ms] [WARNING] Invalid scope @ http://localhost:3000/_next/static/chunks/node_modules_next_dist_1e8vcs8._.js:776
[ 3981101ms] [WARNING] GSAP target .pre-loader not found. https://gsap.com @ http://localhost:3000/_next/static/chunks/node_modules_next_dist_1e8vcs8._.js:776
[ 3981102ms] [WARNING] Invalid scope @ http://localhost:3000/_next/static/chunks/node_modules_next_dist_1e8vcs8._.js:776
[ 3981102ms] [WARNING] GSAP target .pre-loader not found. https://gsap.com @ http://localhost:3000/_next/static/chunks/node_modules_next_dist_1e8vcs8._.js:776
[ 3981151ms] [WARNING] GSAP target  not found. https://gsap.com @ http://localhost:3000/_next/static/chunks/node_modules_next_dist_1e8vcs8._.js:776
[ 3981527ms] [WARNING] GSAP target  not found. https://gsap.com @ http://localhost:3000/_next/static/chunks/node_modules_next_dist_1e8vcs8._.js:776
[ 3981827ms] [WARNING] GSAP target  not found. https://gsap.com @ http://localhost:3000/_next/static/chunks/node_modules_next_dist_1e8vcs8._.js:776
[ 3982227ms] [WARNING] GSAP target  not found. https://gsap.com @ http://localhost:3000/_next/static/chunks/node_modules_next_dist_1e8vcs8._.js:776
[ 4001851ms] [LOG] [Fast Refresh] rebuilding @ http://localhost:3000/_next/static/chunks/node_modules_next_dist_1e8vcs8._.js:776
[ 4001906ms] [LOG] [Fast Refresh] done in 6ms @ http://localhost:3000/_next/static/chunks/node_modules_next_dist_1e8vcs8._.js:776
[ 4002019ms] [WARNING] Invalid scope @ http://localhost:3000/_next/static/chunks/node_modules_next_dist_1e8vcs8._.js:776
[ 4002020ms] [WARNING] GSAP target .pre-name not found. https://gsap.com @ http://localhost:3000/_next/static/chunks/node_modules_next_dist_1e8vcs8._.js:776
[ 4002020ms] [WARNING] Invalid scope @ http://localhost:3000/_next/static/chunks/node_modules_next_dist_1e8vcs8._.js:776
[ 4002021ms] [WARNING] GSAP target  not found. https://gsap.com @ http://localhost:3000/_next/static/chunks/node_modules_next_dist_1e8vcs8._.js:776
[ 4002021ms] [WARNING] Invalid scope @ http://localhost:3000/_next/static/chunks/node_modules_next_dist_1e8vcs8._.js:776
[ 4002022ms] [WARNING] GSAP target .pre-sub not found. https://gsap.com @ http://localhost:3000/_next/static/chunks/node_modules_next_dist_1e8vcs8._.js:776
[ 4002022ms] [WARNING] Invalid scope @ http://localhost:3000/_next/static/chunks/node_modules_next_dist_1e8vcs8._.js:776
[ 4002022ms] [WARNING] GSAP target  not found. https://gsap.com @ http://localhost:3000/_next/static/chunks/node_modules_next_dist_1e8vcs8._.js:776
[ 4002023ms] [WARNING] Invalid scope @ http://localhost:3000/_next/static/chunks/node_modules_next_dist_1e8vcs8._.js:776
[ 4002023ms] [WARNING] GSAP target .gavel-progress not found. https://gsap.com @ http://localhost:3000/_next/static/chunks/node_modules_next_dist_1e8vcs8._.js:776
[ 4002024ms] [WARNING] Invalid scope @ http://localhost:3000/_next/static/chunks/node_modules_next_dist_1e8vcs8._.js:776
[ 4002025ms] [WARNING] GSAP target  not found. https://gsap.com @ http://localhost:3000/_next/static/chunks/node_modules_next_dist_1e8vcs8._.js:776
[ 4002025ms] [WARNING] Invalid scope @ http://localhost:3000/_next/static/chunks/node_modules_next_dist_1e8vcs8._.js:776
[ 4002026ms] [WARNING] GSAP target .pre-counter not found. https://gsap.com @ http://localhost:3000/_next/static/chunks/node_modules_next_dist_1e8vcs8._.js:776
[ 4002026ms] [WARNING] Invalid scope @ http://localhost:3000/_next/static/chunks/node_modules_next_dist_1e8vcs8._.js:776
[ 4002026ms] [WARNING] GSAP target  not found. https://gsap.com @ http://localhost:3000/_next/static/chunks/node_modules_next_dist_1e8vcs8._.js:776
[ 4002027ms] [WARNING] Invalid scope @ http://localhost:3000/_next/static/chunks/node_modules_next_dist_1e8vcs8._.js:776
[ 4002028ms] [WARNING] GSAP target .pre-counter-text not found. https://gsap.com @ http://localhost:3000/_next/static/chunks/node_modules_next_dist_1e8vcs8._.js:776
[ 4002028ms] [WARNING] Invalid scope @ http://localhost:3000/_next/static/chunks/node_modules_next_dist_1e8vcs8._.js:776
[ 4002029ms] [WARNING] GSAP target .pre-loader not found. https://gsap.com @ http://localhost:3000/_next/static/chunks/node_modules_next_dist_1e8vcs8._.js:776
[ 4002029ms] [WARNING] Invalid scope @ http://localhost:3000/_next/static/chunks/node_modules_next_dist_1e8vcs8._.js:776
[ 4002030ms] [WARNING] GSAP target .pre-loader not found. https://gsap.com @ http://localhost:3000/_next/static/chunks/node_modules_next_dist_1e8vcs8._.js:776
[ 4002032ms] [WARNING] GSAP target  not found. https://gsap.com @ http://localhost:3000/_next/static/chunks/node_modules_next_dist_1e8vcs8._.js:776
[ 4002527ms] [WARNING] GSAP target  not found. https://gsap.com @ http://localhost:3000/_next/static/chunks/node_modules_next_dist_1e8vcs8._.js:776
[ 4002827ms] [WARNING] GSAP target  not found. https://gsap.com @ http://localhost:3000/_next/static/chunks/node_modules_next_dist_1e8vcs8._.js:776
[ 4003227ms] [WARNING] GSAP target  not found. https://gsap.com @ http://localhost:3000/_next/static/chunks/node_modules_next_dist_1e8vcs8._.js:776
[ 4037309ms] [LOG] [Fast Refresh] rebuilding @ http://localhost:3000/_next/static/chunks/node_modules_next_dist_1e8vcs8._.js:776
[ 4037363ms] [LOG] [Fast Refresh] done in 9ms @ http://localhost:3000/_next/static/chunks/node_modules_next_dist_1e8vcs8._.js:776
[ 4037525ms] [WARNING] Invalid scope @ http://localhost:3000/_next/static/chunks/node_modules_next_dist_1e8vcs8._.js:776
[ 4037525ms] [WARNING] GSAP target .pre-name not found. https://gsap.com @ http://localhost:3000/_next/static/chunks/node_modules_next_dist_1e8vcs8._.js:776
[ 4037526ms] [WARNING] Invalid scope @ http://localhost:3000/_next/static/chunks/node_modules_next_dist_1e8vcs8._.js:776
[ 4037526ms] [WARNING] GSAP target  not found. https://gsap.com @ http://localhost:3000/_next/static/chunks/node_modules_next_dist_1e8vcs8._.js:776
[ 4037526ms] [WARNING] Invalid scope @ http://localhost:3000/_next/static/chunks/node_modules_next_dist_1e8vcs8._.js:776
[ 4037527ms] [WARNING] GSAP target .pre-sub not found. https://gsap.com @ http://localhost:3000/_next/static/chunks/node_modules_next_dist_1e8vcs8._.js:776
[ 4037527ms] [WARNING] Invalid scope @ http://localhost:3000/_next/static/chunks/node_modules_next_dist_1e8vcs8._.js:776
[ 4037528ms] [WARNING] GSAP target  not found. https://gsap.com @ http://localhost:3000/_next/static/chunks/node_modules_next_dist_1e8vcs8._.js:776
[ 4037529ms] [WARNING] Invalid scope @ http://localhost:3000/_next/static/chunks/node_modules_next_dist_1e8vcs8._.js:776
[ 4037529ms] [WARNING] GSAP target .gavel-progress not found. https://gsap.com @ http://localhost:3000/_next/static/chunks/node_modules_next_dist_1e8vcs8._.js:776
[ 4037530ms] [WARNING] Invalid scope @ http://localhost:3000/_next/static/chunks/node_modules_next_dist_1e8vcs8._.js:776
[ 4037530ms] [WARNING] GSAP target  not found. https://gsap.com @ http://localhost:3000/_next/static/chunks/node_modules_next_dist_1e8vcs8._.js:776
[ 4037531ms] [WARNING] Invalid scope @ http://localhost:3000/_next/static/chunks/node_modules_next_dist_1e8vcs8._.js:776
[ 4037531ms] [WARNING] GSAP target .pre-counter not found. https://gsap.com @ http://localhost:3000/_next/static/chunks/node_modules_next_dist_1e8vcs8._.js:776
[ 4037531ms] [WARNING] Invalid scope @ http://localhost:3000/_next/static/chunks/node_modules_next_dist_1e8vcs8._.js:776
[ 4037532ms] [WARNING] GSAP target  not found. https://gsap.com @ http://localhost:3000/_next/static/chunks/node_modules_next_dist_1e8vcs8._.js:776
[ 4037532ms] [WARNING] Invalid scope @ http://localhost:3000/_next/static/chunks/node_modules_next_dist_1e8vcs8._.js:776
[ 4037533ms] [WARNING] GSAP target .pre-counter-text not found. https://gsap.com @ http://localhost:3000/_next/static/chunks/node_modules_next_dist_1e8vcs8._.js:776
[ 4037533ms] [WARNING] Invalid scope @ http://localhost:3000/_next/static/chunks/node_modules_next_dist_1e8vcs8._.js:776
[ 4037534ms] [WARNING] GSAP target .pre-loader not found. https://gsap.com @ http://localhost:3000/_next/static/chunks/node_modules_next_dist_1e8vcs8._.js:776
[ 4037534ms] [WARNING] Invalid scope @ http://localhost:3000/_next/static/chunks/node_modules_next_dist_1e8vcs8._.js:776
[ 4037534ms] [WARNING] GSAP target .pre-loader not found. https://gsap.com @ http://localhost:3000/_next/static/chunks/node_modules_next_dist_1e8vcs8._.js:776
[ 4037536ms] [WARNING] GSAP target  not found. https://gsap.com @ http://localhost:3000/_next/static/chunks/node_modules_next_dist_1e8vcs8._.js:776
[ 4038026ms] [WARNING] GSAP target  not found. https://gsap.com @ http://localhost:3000/_next/static/chunks/node_modules_next_dist_1e8vcs8._.js:776
[ 4038326ms] [WARNING] GSAP target  not found. https://gsap.com @ http://localhost:3000/_next/static/chunks/node_modules_next_dist_1e8vcs8._.js:776
[ 4038726ms] [WARNING] GSAP target  not found. https://gsap.com @ http://localhost:3000/_next/static/chunks/node_modules_next_dist_1e8vcs8._.js:776
[ 4051362ms] [LOG] [Fast Refresh] rebuilding @ http://localhost:3000/_next/static/chunks/node_modules_next_dist_1e8vcs8._.js:776
[ 4051423ms] [LOG] [Fast Refresh] done in 8ms @ http://localhost:3000/_next/static/chunks/node_modules_next_dist_1e8vcs8._.js:776
[ 4051555ms] [WARNING] Invalid scope @ http://localhost:3000/_next/static/chunks/node_modules_next_dist_1e8vcs8._.js:776
[ 4051555ms] [WARNING] GSAP target .pre-name not found. https://gsap.com @ http://localhost:3000/_next/static/chunks/node_modules_next_dist_1e8vcs8._.js:776
[ 4051556ms] [WARNING] Invalid scope @ http://localhost:3000/_next/static/chunks/node_modules_next_dist_1e8vcs8._.js:776
[ 4051556ms] [WARNING] GSAP target  not found. https://gsap.com @ http://localhost:3000/_next/static/chunks/node_modules_next_dist_1e8vcs8._.js:776
[ 4051556ms] [WARNING] Invalid scope @ http://localhost:3000/_next/static/chunks/node_modules_next_dist_1e8vcs8._.js:776
[ 4051557ms] [WARNING] GSAP target .pre-sub not found. https://gsap.com @ http://localhost:3000/_next/static/chunks/node_modules_next_dist_1e8vcs8._.js:776
[ 4051557ms] [WARNING] Invalid scope @ http://localhost:3000/_next/static/chunks/node_modules_next_dist_1e8vcs8._.js:776
[ 4051558ms] [WARNING] GSAP target  not found. https://gsap.com @ http://localhost:3000/_next/static/chunks/node_modules_next_dist_1e8vcs8._.js:776
[ 4051558ms] [WARNING] Invalid scope @ http://localhost:3000/_next/static/chunks/node_modules_next_dist_1e8vcs8._.js:776
[ 4051558ms] [WARNING] GSAP target .gavel-progress not found. https://gsap.com @ http://localhost:3000/_next/static/chunks/node_modules_next_dist_1e8vcs8._.js:776
[ 4051559ms] [WARNING] Invalid scope @ http://localhost:3000/_next/static/chunks/node_modules_next_dist_1e8vcs8._.js:776
[ 4051559ms] [WARNING] GSAP target  not found. https://gsap.com @ http://localhost:3000/_next/static/chunks/node_modules_next_dist_1e8vcs8._.js:776
[ 4051560ms] [WARNING] Invalid scope @ http://localhost:3000/_next/static/chunks/node_modules_next_dist_1e8vcs8._.js:776
[ 4051560ms] [WARNING] GSAP target .pre-counter not found. https://gsap.com @ http://localhost:3000/_next/static/chunks/node_modules_next_dist_1e8vcs8._.js:776
[ 4051561ms] [WARNING] Invalid scope @ http://localhost:3000/_next/static/chunks/node_modules_next_dist_1e8vcs8._.js:776
[ 4051561ms] [WARNING] GSAP target  not found. https://gsap.com @ http://localhost:3000/_next/static/chunks/node_modules_next_dist_1e8vcs8._.js:776
[ 4051561ms] [WARNING] Invalid scope @ http://localhost:3000/_next/static/chunks/node_modules_next_dist_1e8vcs8._.js:776
[ 4051562ms] [WARNING] GSAP target .pre-counter-text not found. https://gsap.com @ http://localhost:3000/_next/static/chunks/node_modules_next_dist_1e8vcs8._.js:776
[ 4051562ms] [WARNING] Invalid scope @ http://localhost:3000/_next/static/chunks/node_modules_next_dist_1e8vcs8._.js:776
[ 4051562ms] [WARNING] GSAP target .pre-loader not found. https://gsap.com @ http://localhost:3000/_next/static/chunks/node_modules_next_dist_1e8vcs8._.js:776
[ 4051563ms] [WARNING] Invalid scope @ http://localhost:3000/_next/static/chunks/node_modules_next_dist_1e8vcs8._.js:776
[ 4051563ms] [WARNING] GSAP target .pre-loader not found. https://gsap.com @ http://localhost:3000/_next/static/chunks/node_modules_next_dist_1e8vcs8._.js:776
[ 4051564ms] [WARNING] GSAP target  not found. https://gsap.com @ http://localhost:3000/_next/static/chunks/node_modules_next_dist_1e8vcs8._.js:776
[ 4052059ms] [WARNING] GSAP target  not found. https://gsap.com @ http://localhost:3000/_next/static/chunks/node_modules_next_dist_1e8vcs8._.js:776
[ 4052359ms] [WARNING] GSAP target  not found. https://gsap.com @ http://localhost:3000/_next/static/chunks/node_modules_next_dist_1e8vcs8._.js:776
[ 4052759ms] [WARNING] GSAP target  not found. https://gsap.com @ http://localhost:3000/_next/static/chunks/node_modules_next_dist_1e8vcs8._.js:776
[ 4080813ms] [LOG] [Fast Refresh] rebuilding @ http://localhost:3000/_next/static/chunks/node_modules_next_dist_1e8vcs8._.js:776
[ 4080871ms] [LOG] [Fast Refresh] done in 7ms @ http://localhost:3000/_next/static/chunks/node_modules_next_dist_1e8vcs8._.js:776
[ 4080931ms] [WARNING] Invalid scope @ http://localhost:3000/_next/static/chunks/node_modules_next_dist_1e8vcs8._.js:776
[ 4080932ms] [WARNING] GSAP target .pre-name not found. https://gsap.com @ http://localhost:3000/_next/static/chunks/node_modules_next_dist_1e8vcs8._.js:776
[ 4080932ms] [WARNING] Invalid scope @ http://localhost:3000/_next/static/chunks/node_modules_next_dist_1e8vcs8._.js:776
[ 4080932ms] [WARNING] GSAP target  not found. https://gsap.com @ http://localhost:3000/_next/static/chunks/node_modules_next_dist_1e8vcs8._.js:776
[ 4080933ms] [WARNING] Invalid scope @ http://localhost:3000/_next/static/chunks/node_modules_next_dist_1e8vcs8._.js:776
[ 4080933ms] [WARNING] GSAP target .pre-sub not found. https://gsap.com @ http://localhost:3000/_next/static/chunks/node_modules_next_dist_1e8vcs8._.js:776
[ 4080933ms] [WARNING] Invalid scope @ http://localhost:3000/_next/static/chunks/node_modules_next_dist_1e8vcs8._.js:776
[ 4080934ms] [WARNING] GSAP target  not found. https://gsap.com @ http://localhost:3000/_next/static/chunks/node_modules_next_dist_1e8vcs8._.js:776
[ 4080934ms] [WARNING] Invalid scope @ http://localhost:3000/_next/static/chunks/node_modules_next_dist_1e8vcs8._.js:776
[ 4080934ms] [WARNING] GSAP target .gavel-progress not found. https://gsap.com @ http://localhost:3000/_next/static/chunks/node_modules_next_dist_1e8vcs8._.js:776
[ 4080935ms] [WARNING] Invalid scope @ http://localhost:3000/_next/static/chunks/node_modules_next_dist_1e8vcs8._.js:776
[ 4080935ms] [WARNING] GSAP target  not found. https://gsap.com @ http://localhost:3000/_next/static/chunks/node_modules_next_dist_1e8vcs8._.js:776
[ 4080936ms] [WARNING] Invalid scope @ http://localhost:3000/_next/static/chunks/node_modules_next_dist_1e8vcs8._.js:776
[ 4080936ms] [WARNING] GSAP target .pre-counter not found. https://gsap.com @ http://localhost:3000/_next/static/chunks/node_modules_next_dist_1e8vcs8._.js:776
[ 4080936ms] [WARNING] Invalid scope @ http://localhost:3000/_next/static/chunks/node_modules_next_dist_1e8vcs8._.js:776
[ 4080937ms] [WARNING] GSAP target  not found. https://gsap.com @ http://localhost:3000/_next/static/chunks/node_modules_next_dist_1e8vcs8._.js:776
[ 4080937ms] [WARNING] Invalid scope @ http://localhost:3000/_next/static/chunks/node_modules_next_dist_1e8vcs8._.js:776
[ 4080937ms] [WARNING] GSAP target .pre-counter-text not found. https://gsap.com @ http://localhost:3000/_next/static/chunks/node_modules_next_dist_1e8vcs8._.js:776
[ 4080938ms] [WARNING] Invalid scope @ http://localhost:3000/_next/static/chunks/node_modules_next_dist_1e8vcs8._.js:776
[ 4080938ms] [WARNING] GSAP target .pre-loader not found. https://gsap.com @ http://localhost:3000/_next/static/chunks/node_modules_next_dist_1e8vcs8._.js:776
[ 4080939ms] [WARNING] Invalid scope @ http://localhost:3000/_next/static/chunks/node_modules_next_dist_1e8vcs8._.js:776
[ 4080940ms] [WARNING] GSAP target .pre-loader not found. https://gsap.com @ http://localhost:3000/_next/static/chunks/node_modules_next_dist_1e8vcs8._.js:776
[ 4080943ms] [WARNING] GSAP target  not found. https://gsap.com @ http://localhost:3000/_next/static/chunks/node_modules_next_dist_1e8vcs8._.js:776
[ 4081442ms] [WARNING] GSAP target  not found. https://gsap.com @ http://localhost:3000/_next/static/chunks/node_modules_next_dist_1e8vcs8._.js:776
[ 4081742ms] [WARNING] GSAP target  not found. https://gsap.com @ http://localhost:3000/_next/static/chunks/node_modules_next_dist_1e8vcs8._.js:776
[ 4082142ms] [WARNING] GSAP target  not found. https://gsap.com @ http://localhost:3000/_next/static/chunks/node_modules_next_dist_1e8vcs8._.js:776
[ 4097338ms] [LOG] [Fast Refresh] rebuilding @ http://localhost:3000/_next/static/chunks/node_modules_next_dist_1e8vcs8._.js:776
[ 4097397ms] [LOG] [Fast Refresh] done in 8ms @ http://localhost:3000/_next/static/chunks/node_modules_next_dist_1e8vcs8._.js:776
[ 4097456ms] [WARNING] Invalid scope @ http://localhost:3000/_next/static/chunks/node_modules_next_dist_1e8vcs8._.js:776
[ 4097456ms] [WARNING] GSAP target .pre-name not found. https://gsap.com @ http://localhost:3000/_next/static/chunks/node_modules_next_dist_1e8vcs8._.js:776
[ 4097456ms] [WARNING] Invalid scope @ http://localhost:3000/_next/static/chunks/node_modules_next_dist_1e8vcs8._.js:776
[ 4097457ms] [WARNING] GSAP target  not found. https://gsap.com @ http://localhost:3000/_next/static/chunks/node_modules_next_dist_1e8vcs8._.js:776
[ 4097457ms] [WARNING] Invalid scope @ http://localhost:3000/_next/static/chunks/node_modules_next_dist_1e8vcs8._.js:776
[ 4097458ms] [WARNING] GSAP target .pre-sub not found. https://gsap.com @ http://localhost:3000/_next/static/chunks/node_modules_next_dist_1e8vcs8._.js:776
[ 4097458ms] [WARNING] Invalid scope @ http://localhost:3000/_next/static/chunks/node_modules_next_dist_1e8vcs8._.js:776
[ 4097459ms] [WARNING] GSAP target  not found. https://gsap.com @ http://localhost:3000/_next/static/chunks/node_modules_next_dist_1e8vcs8._.js:776
[ 4097459ms] [WARNING] Invalid scope @ http://localhost:3000/_next/static/chunks/node_modules_next_dist_1e8vcs8._.js:776
[ 4097460ms] [WARNING] GSAP target .gavel-progress not found. https://gsap.com @ http://localhost:3000/_next/static/chunks/node_modules_next_dist_1e8vcs8._.js:776
[ 4097460ms] [WARNING] Invalid scope @ http://localhost:3000/_next/static/chunks/node_modules_next_dist_1e8vcs8._.js:776
[ 4097461ms] [WARNING] GSAP target  not found. https://gsap.com @ http://localhost:3000/_next/static/chunks/node_modules_next_dist_1e8vcs8._.js:776
[ 4097461ms] [WARNING] Invalid scope @ http://localhost:3000/_next/static/chunks/node_modules_next_dist_1e8vcs8._.js:776
[ 4097461ms] [WARNING] GSAP target .pre-counter not found. https://gsap.com @ http://localhost:3000/_next/static/chunks/node_modules_next_dist_1e8vcs8._.js:776
[ 4097462ms] [WARNING] Invalid scope @ http://localhost:3000/_next/static/chunks/node_modules_next_dist_1e8vcs8._.js:776
[ 4097462ms] [WARNING] GSAP target  not found. https://gsap.com @ http://localhost:3000/_next/static/chunks/node_modules_next_dist_1e8vcs8._.js:776
[ 4097462ms] [WARNING] Invalid scope @ http://localhost:3000/_next/static/chunks/node_modules_next_dist_1e8vcs8._.js:776
[ 4097463ms] [WARNING] GSAP target .pre-counter-text not found. https://gsap.com @ http://localhost:3000/_next/static/chunks/node_modules_next_dist_1e8vcs8._.js:776
[ 4097463ms] [WARNING] Invalid scope @ http://localhost:3000/_next/static/chunks/node_modules_next_dist_1e8vcs8._.js:776
[ 4097464ms] [WARNING] GSAP target .pre-loader not found. https://gsap.com @ http://localhost:3000/_next/static/chunks/node_modules_next_dist_1e8vcs8._.js:776
[ 4097464ms] [WARNING] Invalid scope @ http://localhost:3000/_next/static/chunks/node_modules_next_dist_1e8vcs8._.js:776
[ 4097464ms] [WARNING] GSAP target .pre-loader not found. https://gsap.com @ http://localhost:3000/_next/static/chunks/node_modules_next_dist_1e8vcs8._.js:776
[ 4097465ms] [WARNING] GSAP target  not found. https://gsap.com @ http://localhost:3000/_next/static/chunks/node_modules_next_dist_1e8vcs8._.js:776
[ 4097958ms] [WARNING] GSAP target  not found. https://gsap.com @ http://localhost:3000/_next/static/chunks/node_modules_next_dist_1e8vcs8._.js:776
[ 4098258ms] [WARNING] GSAP target  not found. https://gsap.com @ http://localhost:3000/_next/static/chunks/node_modules_next_dist_1e8vcs8._.js:776
[ 4098658ms] [WARNING] GSAP target  not found. https://gsap.com @ http://localhost:3000/_next/static/chunks/node_modules_next_dist_1e8vcs8._.js:776
[ 4123383ms] [LOG] [Fast Refresh] rebuilding @ http://localhost:3000/_next/static/chunks/node_modules_next_dist_1e8vcs8._.js:776
[ 4123446ms] [LOG] [Fast Refresh] done in 5ms @ http://localhost:3000/_next/static/chunks/node_modules_next_dist_1e8vcs8._.js:776
[ 4123472ms] ReferenceError: SectionHeading is not defined
    at Courtrooms (http://localhost:3000/_next/static/chunks/src_08g9-y_._.js?id=%255Bproject%255D/src/components/Courtrooms.tsx+%255Bapp-client%255D+(ecmascript):75:220)
    at Object.react_stack_bottom_frame (http://localhost:3000/_next/static/chunks/node_modules_next_dist_compiled_react-dom_096_9a-._.js:14894:24)
    at renderWithHooks (http://localhost:3000/_next/static/chunks/node_modules_next_dist_compiled_react-dom_096_9a-._.js:4425:24)
    at updateFunctionComponent (http://localhost:3000/_next/static/chunks/node_modules_next_dist_compiled_react-dom_096_9a-._.js:5892:21)
    at beginWork (http://localhost:3000/_next/static/chunks/node_modules_next_dist_compiled_react-dom_096_9a-._.js:6518:24)
    at runWithFiberInDEV (http://localhost:3000/_next/static/chunks/node_modules_next_dist_compiled_react-dom_096_9a-._.js:761:74)
    at performUnitOfWork (http://localhost:3000/_next/static/chunks/node_modules_next_dist_compiled_react-dom_096_9a-._.js:9385:97)
    at workLoopSync (http://localhost:3000/_next/static/chunks/node_modules_next_dist_compiled_react-dom_096_9a-._.js:9279:40)
    at renderRootSync (http://localhost:3000/_next/static/chunks/node_modules_next_dist_compiled_react-dom_096_9a-._.js:9263:13)
    at performWorkOnRoot (http://localhost:3000/_next/static/chunks/node_modules_next_dist_compiled_react-dom_096_9a-._.js:8928:47)
    at performSyncWorkOnRoot (http://localhost:3000/_next/static/chunks/node_modules_next_dist_compiled_react-dom_096_9a-._.js:10093:9)
    at flushSyncWorkAcrossRoots_impl (http://localhost:3000/_next/static/chunks/node_modules_next_dist_compiled_react-dom_096_9a-._.js:10009:316)
    at processRootScheduleInMicrotask (http://localhost:3000/_next/static/chunks/node_modules_next_dist_compiled_react-dom_096_9a-._.js:10030:106)
    at http://localhost:3000/_next/static/chunks/node_modules_next_dist_compiled_react-dom_096_9a-._.js:10104:158
[ 4123484ms] [WARNING] GSAP target  not found. https://gsap.com @ http://localhost:3000/_next/static/chunks/node_modules_next_dist_1e8vcs8._.js:776
[ 4123485ms] [WARNING] GSAP target  not found. https://gsap.com @ http://localhost:3000/_next/static/chunks/node_modules_next_dist_1e8vcs8._.js:776
[ 4123488ms] [WARNING] GSAP target  not found. https://gsap.com @ http://localhost:3000/_next/static/chunks/node_modules_next_dist_1e8vcs8._.js:776
[ 4123503ms] [WARNING] GSAP target  not found. https://gsap.com @ http://localhost:3000/_next/static/chunks/node_modules_next_dist_1e8vcs8._.js:776
[ 4123503ms] [WARNING] GSAP target  not found. https://gsap.com @ http://localhost:3000/_next/static/chunks/node_modules_next_dist_1e8vcs8._.js:776
[ 4123504ms] [WARNING] GSAP target  not found. https://gsap.com @ http://localhost:3000/_next/static/chunks/node_modules_next_dist_1e8vcs8._.js:776
[ 4123504ms] [WARNING] GSAP target  not found. https://gsap.com @ http://localhost:3000/_next/static/chunks/node_modules_next_dist_1e8vcs8._.js:776
[ 4123504ms] [WARNING] GSAP target  not found. https://gsap.com @ http://localhost:3000/_next/static/chunks/node_modules_next_dist_1e8vcs8._.js:776
[ 4123505ms] [WARNING] GSAP target  not found. https://gsap.com @ http://localhost:3000/_next/static/chunks/node_modules_next_dist_1e8vcs8._.js:776
[ 4123505ms] [WARNING] GSAP target  not found. https://gsap.com @ http://localhost:3000/_next/static/chunks/node_modules_next_dist_1e8vcs8._.js:776
[ 4123505ms] [WARNING] GSAP target  not found. https://gsap.com @ http://localhost:3000/_next/static/chunks/node_modules_next_dist_1e8vcs8._.js:776
[ 4123506ms] [WARNING] GSAP target  not found. https://gsap.com @ http://localhost:3000/_next/static/chunks/node_modules_next_dist_1e8vcs8._.js:776
[ 4123506ms] [WARNING] GSAP target  not found. https://gsap.com @ http://localhost:3000/_next/static/chunks/node_modules_next_dist_1e8vcs8._.js:776
[ 4123506ms] [WARNING] GSAP target  not found. https://gsap.com @ http://localhost:3000/_next/static/chunks/node_modules_next_dist_1e8vcs8._.js:776
[ 4123507ms] [WARNING] GSAP target  not found. https://gsap.com @ http://localhost:3000/_next/static/chunks/node_modules_next_dist_1e8vcs8._.js:776
[ 4123567ms] [WARNING] GSAP target  not found. https://gsap.com @ http://localhost:3000/_next/static/chunks/node_modules_next_dist_1e8vcs8._.js:776
[ 4123567ms] [WARNING] GSAP target  not found. https://gsap.com @ http://localhost:3000/_next/static/chunks/node_modules_next_dist_1e8vcs8._.js:776
[ 4123577ms] [WARNING] GSAP target  not found. https://gsap.com @ http://localhost:3000/_next/static/chunks/node_modules_next_dist_1e8vcs8._.js:776
[ 4123760ms] [LOG] [Fast Refresh] done in 5ms @ http://localhost:3000/_next/static/chunks/node_modules_next_dist_1e8vcs8._.js:776
[ 4123761ms] [LOG] [Fast Refresh] done in 5ms @ http://localhost:3000/_next/static/chunks/node_modules_next_dist_1e8vcs8._.js:776
[ 4138426ms] [LOG] [Fast Refresh] rebuilding @ http://localhost:3000/_next/static/chunks/node_modules_next_dist_1e8vcs8._.js:776
[ 4138429ms] [WARNING] [Fast Refresh] performing full reload because your application had an unrecoverable error @ http://localhost:3000/_next/static/chunks/node_modules_next_dist_1e8vcs8._.js:776
[ 4138600ms] [WARNING] GSAP target .pre-loader not found. https://gsap.com @ http://localhost:3000/_next/static/chunks/node_modules_next_dist_1e8vcs8._.js:776
[ 4138602ms] [WARNING] GSAP target .pre-loader not found. https://gsap.com @ http://localhost:3000/_next/static/chunks/node_modules_next_dist_1e8vcs8._.js:776
[ 4138606ms] [WARNING] GSAP target .hero-name .char-mask not found. https://gsap.com @ http://localhost:3000/_next/static/chunks/node_modules_next_dist_1e8vcs8._.js:776
[ 4138608ms] [WARNING] GSAP target  not found. https://gsap.com @ http://localhost:3000/_next/static/chunks/node_modules_next_dist_1e8vcs8._.js:776
[ 4138633ms] [WARNING] GSAP target .heading-desc not found. https://gsap.com @ http://localhost:3000/_next/static/chunks/node_modules_next_dist_1e8vcs8._.js:776
[ 4138634ms] [WARNING] GSAP target  not found. https://gsap.com @ http://localhost:3000/_next/static/chunks/node_modules_next_dist_1e8vcs8._.js:776
[ 4138635ms] [WARNING] GSAP target  not found. https://gsap.com @ http://localhost:3000/_next/static/chunks/node_modules_next_dist_1e8vcs8._.js:776
[ 4138636ms] [WARNING] GSAP target [object NodeList] not found. https://gsap.com @ http://localhost:3000/_next/static/chunks/node_modules_next_dist_1e8vcs8._.js:776
[ 4138636ms] [WARNING] GSAP target  not found. https://gsap.com @ http://localhost:3000/_next/static/chunks/node_modules_next_dist_1e8vcs8._.js:776
[ 4138637ms] [WARNING] GSAP target  not found. https://gsap.com @ http://localhost:3000/_next/static/chunks/node_modules_next_dist_1e8vcs8._.js:776
[ 4138638ms] [WARNING] GSAP target [object NodeList] not found. https://gsap.com @ http://localhost:3000/_next/static/chunks/node_modules_next_dist_1e8vcs8._.js:776
[ 4138638ms] [WARNING] GSAP target  not found. https://gsap.com @ http://localhost:3000/_next/static/chunks/node_modules_next_dist_1e8vcs8._.js:776
[ 4138639ms] [WARNING] GSAP target  not found. https://gsap.com @ http://localhost:3000/_next/static/chunks/node_modules_next_dist_1e8vcs8._.js:776
[ 4138640ms] [WARNING] GSAP target [object NodeList] not found. https://gsap.com @ http://localhost:3000/_next/static/chunks/node_modules_next_dist_1e8vcs8._.js:776
[ 4138640ms] [WARNING] GSAP target  not found. https://gsap.com @ http://localhost:3000/_next/static/chunks/node_modules_next_dist_1e8vcs8._.js:776
[ 4138641ms] [WARNING] GSAP target  not found. https://gsap.com @ http://localhost:3000/_next/static/chunks/node_modules_next_dist_1e8vcs8._.js:776
[ 4138642ms] [WARNING] GSAP target [object NodeList] not found. https://gsap.com @ http://localhost:3000/_next/static/chunks/node_modules_next_dist_1e8vcs8._.js:776
[ 4138643ms] [WARNING] GSAP target  not found. https://gsap.com @ http://localhost:3000/_next/static/chunks/node_modules_next_dist_1e8vcs8._.js:776
[ 4138644ms] [WARNING] GSAP target  not found. https://gsap.com @ http://localhost:3000/_next/static/chunks/node_modules_next_dist_1e8vcs8._.js:776
[ 4138645ms] [WARNING] Element not found: #prologue @ http://localhost:3000/_next/static/chunks/node_modules_next_dist_1e8vcs8._.js:776
[ 4138646ms] [WARNING] Element not found: #prologue @ http://localhost:3000/_next/static/chunks/node_modules_next_dist_1e8vcs8._.js:776
[ 4138999ms] [INFO] %cDownload the React DevTools for a better development experience: https://react.dev/link/react-devtools font-weight:bold @ http://localhost:3000/_next/static/chunks/node_modules_next_dist_1e8vcs8._.js:776
[ 4139035ms] [LOG] [HMR] connected @ http://localhost:3000/_next/static/chunks/node_modules_next_dist_1e8vcs8._.js:776
[ 4139166ms] [WARNING] GSAP target .pre-loader not found. https://gsap.com @ http://localhost:3000/_next/static/chunks/node_modules_next_dist_1e8vcs8._.js:776
[ 4139166ms] [WARNING] GSAP target .pre-loader not found. https://gsap.com @ http://localhost:3000/_next/static/chunks/node_modules_next_dist_1e8vcs8._.js:776
[ 4139170ms] [WARNING] GSAP target .hero-name .char-mask not found. https://gsap.com @ http://localhost:3000/_next/static/chunks/node_modules_next_dist_1e8vcs8._.js:776
[ 4139171ms] [WARNING] GSAP target  not found. https://gsap.com @ http://localhost:3000/_next/static/chunks/node_modules_next_dist_1e8vcs8._.js:776
[ 4139186ms] [WARNING] GSAP target .heading-desc not found. https://gsap.com @ http://localhost:3000/_next/static/chunks/node_modules_next_dist_1e8vcs8._.js:776
[ 4139187ms] [WARNING] GSAP target  not found. https://gsap.com @ http://localhost:3000/_next/static/chunks/node_modules_next_dist_1e8vcs8._.js:776
[ 4139187ms] [WARNING] GSAP target  not found. https://gsap.com @ http://localhost:3000/_next/static/chunks/node_modules_next_dist_1e8vcs8._.js:776
[ 4139188ms] [WARNING] GSAP target [object NodeList] not found. https://gsap.com @ http://localhost:3000/_next/static/chunks/node_modules_next_dist_1e8vcs8._.js:776
[ 4139189ms] [WARNING] GSAP target  not found. https://gsap.com @ http://localhost:3000/_next/static/chunks/node_modules_next_dist_1e8vcs8._.js:776
[ 4139190ms] [WARNING] GSAP target  not found. https://gsap.com @ http://localhost:3000/_next/static/chunks/node_modules_next_dist_1e8vcs8._.js:776
[ 4139191ms] [WARNING] GSAP target [object NodeList] not found. https://gsap.com @ http://localhost:3000/_next/static/chunks/node_modules_next_dist_1e8vcs8._.js:776
[ 4139191ms] [WARNING] GSAP target  not found. https://gsap.com @ http://localhost:3000/_next/static/chunks/node_modules_next_dist_1e8vcs8._.js:776
[ 4139192ms] [WARNING] GSAP target  not found. https://gsap.com @ http://localhost:3000/_next/static/chunks/node_modules_next_dist_1e8vcs8._.js:776
[ 4139193ms] [WARNING] GSAP target [object NodeList] not found. https://gsap.com @ http://localhost:3000/_next/static/chunks/node_modules_next_dist_1e8vcs8._.js:776
[ 4139194ms] [WARNING] GSAP target  not found. https://gsap.com @ http://localhost:3000/_next/static/chunks/node_modules_next_dist_1e8vcs8._.js:776
[ 4139195ms] [WARNING] GSAP target  not found. https://gsap.com @ http://localhost:3000/_next/static/chunks/node_modules_next_dist_1e8vcs8._.js:776
[ 4139195ms] [WARNING] GSAP target [object NodeList] not found. https://gsap.com @ http://localhost:3000/_next/static/chunks/node_modules_next_dist_1e8vcs8._.js:776
[ 4139196ms] [WARNING] GSAP target  not found. https://gsap.com @ http://localhost:3000/_next/static/chunks/node_modules_next_dist_1e8vcs8._.js:776
[ 4139196ms] [WARNING] GSAP target  not found. https://gsap.com @ http://localhost:3000/_next/static/chunks/node_modules_next_dist_1e8vcs8._.js:776
[ 4139198ms] [WARNING] Element not found: #prologue @ http://localhost:3000/_next/static/chunks/node_modules_next_dist_1e8vcs8._.js:776
[ 4139199ms] [WARNING] Element not found: #prologue @ http://localhost:3000/_next/static/chunks/node_modules_next_dist_1e8vcs8._.js:776
[ 4139251ms] [WARNING] GSAP target  not found. https://gsap.com @ http://localhost:3000/_next/static/chunks/node_modules_next_dist_1e8vcs8._.js:776
[ 4139254ms] [WARNING] GSAP target  not found. https://gsap.com @ http://localhost:3000/_next/static/chunks/node_modules_next_dist_1e8vcs8._.js:776
[ 4139254ms] [WARNING] GSAP target  not found. https://gsap.com @ http://localhost:3000/_next/static/chunks/node_modules_next_dist_1e8vcs8._.js:776
[ 4139255ms] [WARNING] GSAP target  not found. https://gsap.com @ http://localhost:3000/_next/static/chunks/node_modules_next_dist_1e8vcs8._.js:776
[ 4139266ms] [WARNING] GSAP target  not found. https://gsap.com @ http://localhost:3000/_next/static/chunks/node_modules_next_dist_1e8vcs8._.js:776
[ 4139266ms] [WARNING] GSAP target  not found. https://gsap.com @ http://localhost:3000/_next/static/chunks/node_modules_next_dist_1e8vcs8._.js:776
[ 4139267ms] [WARNING] GSAP target  not found. https://gsap.com @ http://localhost:3000/_next/static/chunks/node_modules_next_dist_1e8vcs8._.js:776
[ 4139268ms] [WARNING] GSAP target  not found. https://gsap.com @ http://localhost:3000/_next/static/chunks/node_modules_next_dist_1e8vcs8._.js:776
[ 4139270ms] [WARNING] GSAP target  not found. https://gsap.com @ http://localhost:3000/_next/static/chunks/node_modules_next_dist_1e8vcs8._.js:776
[ 4139271ms] [WARNING] GSAP target  not found. https://gsap.com @ http://localhost:3000/_next/static/chunks/node_modules_next_dist_1e8vcs8._.js:776
[ 4139271ms] [WARNING] GSAP target  not found. https://gsap.com @ http://localhost:3000/_next/static/chunks/node_modules_next_dist_1e8vcs8._.js:776
[ 4139271ms] [WARNING] GSAP target  not found. https://gsap.com @ http://localhost:3000/_next/static/chunks/node_modules_next_dist_1e8vcs8._.js:776
[ 4139272ms] [WARNING] GSAP target  not found. https://gsap.com @ http://localhost:3000/_next/static/chunks/node_modules_next_dist_1e8vcs8._.js:776
[ 4139272ms] [WARNING] GSAP target  not found. https://gsap.com @ http://localhost:3000/_next/static/chunks/node_modules_next_dist_1e8vcs8._.js:776
[ 4139273ms] [WARNING] GSAP target  not found. https://gsap.com @ http://localhost:3000/_next/static/chunks/node_modules_next_dist_1e8vcs8._.js:776
[ 4139273ms] [WARNING] GSAP target  not found. https://gsap.com @ http://localhost:3000/_next/static/chunks/node_modules_next_dist_1e8vcs8._.js:776
[ 4139348ms] [WARNING] GSAP target .pre-loader not found. https://gsap.com @ http://localhost:3000/_next/static/chunks/node_modules_next_dist_1e8vcs8._.js:776
[ 4139348ms] [WARNING] GSAP target .pre-loader not found. https://gsap.com @ http://localhost:3000/_next/static/chunks/node_modules_next_dist_1e8vcs8._.js:776
[ 4139350ms] [WARNING] GSAP target .hero-name .char-mask not found. https://gsap.com @ http://localhost:3000/_next/static/chunks/node_modules_next_dist_1e8vcs8._.js:776
[ 4139350ms] [WARNING] GSAP target  not found. https://gsap.com @ http://localhost:3000/_next/static/chunks/node_modules_next_dist_1e8vcs8._.js:776
[ 4139357ms] [WARNING] GSAP target .heading-desc not found. https://gsap.com @ http://localhost:3000/_next/static/chunks/node_modules_next_dist_1e8vcs8._.js:776
[ 4139358ms] [WARNING] GSAP target  not found. https://gsap.com @ http://localhost:3000/_next/static/chunks/node_modules_next_dist_1e8vcs8._.js:776
[ 4139359ms] [WARNING] GSAP target  not found. https://gsap.com @ http://localhost:3000/_next/static/chunks/node_modules_next_dist_1e8vcs8._.js:776
[ 4139360ms] [WARNING] GSAP target [object NodeList] not found. https://gsap.com @ http://localhost:3000/_next/static/chunks/node_modules_next_dist_1e8vcs8._.js:776
[ 4139360ms] [WARNING] GSAP target  not found. https://gsap.com @ http://localhost:3000/_next/static/chunks/node_modules_next_dist_1e8vcs8._.js:776
[ 4139361ms] [WARNING] GSAP target  not found. https://gsap.com @ http://localhost:3000/_next/static/chunks/node_modules_next_dist_1e8vcs8._.js:776
[ 4139361ms] [WARNING] GSAP target [object NodeList] not found. https://gsap.com @ http://localhost:3000/_next/static/chunks/node_modules_next_dist_1e8vcs8._.js:776
[ 4139362ms] [WARNING] GSAP target  not found. https://gsap.com @ http://localhost:3000/_next/static/chunks/node_modules_next_dist_1e8vcs8._.js:776
[ 4139362ms] [WARNING] GSAP target  not found. https://gsap.com @ http://localhost:3000/_next/static/chunks/node_modules_next_dist_1e8vcs8._.js:776
[ 4139363ms] [WARNING] GSAP target [object NodeList] not found. https://gsap.com @ http://localhost:3000/_next/static/chunks/node_modules_next_dist_1e8vcs8._.js:776
[ 4139363ms] [WARNING] GSAP target  not found. https://gsap.com @ http://localhost:3000/_next/static/chunks/node_modules_next_dist_1e8vcs8._.js:776
[ 4139364ms] [WARNING] GSAP target  not found. https://gsap.com @ http://localhost:3000/_next/static/chunks/node_modules_next_dist_1e8vcs8._.js:776
[ 4139364ms] [WARNING] GSAP target [object NodeList] not found. https://gsap.com @ http://localhost:3000/_next/static/chunks/node_modules_next_dist_1e8vcs8._.js:776
[ 4139365ms] [WARNING] GSAP target  not found. https://gsap.com @ http://localhost:3000/_next/static/chunks/node_modules_next_dist_1e8vcs8._.js:776
[ 4139365ms] [WARNING] GSAP target  not found. https://gsap.com @ http://localhost:3000/_next/static/chunks/node_modules_next_dist_1e8vcs8._.js:776
[ 4139367ms] [WARNING] Element not found: #prologue @ http://localhost:3000/_next/static/chunks/node_modules_next_dist_1e8vcs8._.js:776
[ 4139367ms] [WARNING] Element not found: #prologue @ http://localhost:3000/_next/static/chunks/node_modules_next_dist_1e8vcs8._.js:776
[ 4139670ms] [LOG] [Fast Refresh] rebuilding @ http://localhost:3000/_next/static/chunks/node_modules_next_dist_1e8vcs8._.js:776
[ 4139717ms] [LOG] [Fast Refresh] done in 147ms @ http://localhost:3000/_next/static/chunks/node_modules_next_dist_1e8vcs8._.js:776
[ 4142624ms] [WARNING] GSAP target  not found. https://gsap.com @ http://localhost:3000/_next/static/chunks/node_modules_next_dist_1e8vcs8._.js:776
[ 4142771ms] [WARNING] Invalid scope @ http://localhost:3000/_next/static/chunks/node_modules_next_dist_1e8vcs8._.js:776
[ 4142772ms] [WARNING] GSAP target .pre-name not found. https://gsap.com @ http://localhost:3000/_next/static/chunks/node_modules_next_dist_1e8vcs8._.js:776
[ 4142772ms] [WARNING] Invalid scope @ http://localhost:3000/_next/static/chunks/node_modules_next_dist_1e8vcs8._.js:776
[ 4142773ms] [WARNING] GSAP target  not found. https://gsap.com @ http://localhost:3000/_next/static/chunks/node_modules_next_dist_1e8vcs8._.js:776
[ 4142773ms] [WARNING] Invalid scope @ http://localhost:3000/_next/static/chunks/node_modules_next_dist_1e8vcs8._.js:776
[ 4142773ms] [WARNING] GSAP target .pre-sub not found. https://gsap.com @ http://localhost:3000/_next/static/chunks/node_modules_next_dist_1e8vcs8._.js:776
[ 4142774ms] [WARNING] Invalid scope @ http://localhost:3000/_next/static/chunks/node_modules_next_dist_1e8vcs8._.js:776
[ 4142774ms] [WARNING] GSAP target  not found. https://gsap.com @ http://localhost:3000/_next/static/chunks/node_modules_next_dist_1e8vcs8._.js:776
[ 4142774ms] [WARNING] Invalid scope @ http://localhost:3000/_next/static/chunks/node_modules_next_dist_1e8vcs8._.js:776
[ 4142775ms] [WARNING] GSAP target .gavel-progress not found. https://gsap.com @ http://localhost:3000/_next/static/chunks/node_modules_next_dist_1e8vcs8._.js:776
[ 4142775ms] [WARNING] Invalid scope @ http://localhost:3000/_next/static/chunks/node_modules_next_dist_1e8vcs8._.js:776
[ 4142776ms] [WARNING] GSAP target  not found. https://gsap.com @ http://localhost:3000/_next/static/chunks/node_modules_next_dist_1e8vcs8._.js:776
[ 4142776ms] [WARNING] Invalid scope @ http://localhost:3000/_next/static/chunks/node_modules_next_dist_1e8vcs8._.js:776
[ 4142777ms] [WARNING] GSAP target .pre-counter not found. https://gsap.com @ http://localhost:3000/_next/static/chunks/node_modules_next_dist_1e8vcs8._.js:776
[ 4142777ms] [WARNING] Invalid scope @ http://localhost:3000/_next/static/chunks/node_modules_next_dist_1e8vcs8._.js:776
[ 4142777ms] [WARNING] GSAP target  not found. https://gsap.com @ http://localhost:3000/_next/static/chunks/node_modules_next_dist_1e8vcs8._.js:776
[ 4142778ms] [WARNING] Invalid scope @ http://localhost:3000/_next/static/chunks/node_modules_next_dist_1e8vcs8._.js:776
[ 4142778ms] [WARNING] GSAP target .pre-counter-text not found. https://gsap.com @ http://localhost:3000/_next/static/chunks/node_modules_next_dist_1e8vcs8._.js:776
[ 4142778ms] [WARNING] Invalid scope @ http://localhost:3000/_next/static/chunks/node_modules_next_dist_1e8vcs8._.js:776
[ 4142779ms] [WARNING] GSAP target .pre-loader not found. https://gsap.com @ http://localhost:3000/_next/static/chunks/node_modules_next_dist_1e8vcs8._.js:776
[ 4142779ms] [WARNING] Invalid scope @ http://localhost:3000/_next/static/chunks/node_modules_next_dist_1e8vcs8._.js:776
[ 4142779ms] [WARNING] GSAP target .pre-loader not found. https://gsap.com @ http://localhost:3000/_next/static/chunks/node_modules_next_dist_1e8vcs8._.js:776
[ 4142780ms] [WARNING] GSAP target  not found. https://gsap.com @ http://localhost:3000/_next/static/chunks/node_modules_next_dist_1e8vcs8._.js:776
[ 4143275ms] [WARNING] GSAP target  not found. https://gsap.com @ http://localhost:3000/_next/static/chunks/node_modules_next_dist_1e8vcs8._.js:776
[ 4143574ms] [WARNING] GSAP target  not found. https://gsap.com @ http://localhost:3000/_next/static/chunks/node_modules_next_dist_1e8vcs8._.js:776
[ 4143975ms] [WARNING] GSAP target  not found. https://gsap.com @ http://localhost:3000/_next/static/chunks/node_modules_next_dist_1e8vcs8._.js:776
[ 4176929ms] [LOG] [Fast Refresh] rebuilding @ http://localhost:3000/_next/static/chunks/node_modules_next_dist_1e8vcs8._.js:776
[ 4176941ms] [WARNING] GSAP target  not found. https://gsap.com @ http://localhost:3000/_next/static/chunks/node_modules_next_dist_1e8vcs8._.js:776
[ 4176946ms] [WARNING] GSAP target  not found. https://gsap.com @ http://localhost:3000/_next/static/chunks/node_modules_next_dist_1e8vcs8._.js:776
[ 4176947ms] [WARNING] GSAP target  not found. https://gsap.com @ http://localhost:3000/_next/static/chunks/node_modules_next_dist_1e8vcs8._.js:776
[ 4176967ms] [WARNING] GSAP target  not found. https://gsap.com @ http://localhost:3000/_next/static/chunks/node_modules_next_dist_1e8vcs8._.js:776
[ 4176967ms] [WARNING] GSAP target  not found. https://gsap.com @ http://localhost:3000/_next/static/chunks/node_modules_next_dist_1e8vcs8._.js:776
[ 4176968ms] [WARNING] GSAP target  not found. https://gsap.com @ http://localhost:3000/_next/static/chunks/node_modules_next_dist_1e8vcs8._.js:776
[ 4176969ms] [WARNING] GSAP target  not found. https://gsap.com @ http://localhost:3000/_next/static/chunks/node_modules_next_dist_1e8vcs8._.js:776
[ 4176969ms] [WARNING] GSAP target  not found. https://gsap.com @ http://localhost:3000/_next/static/chunks/node_modules_next_dist_1e8vcs8._.js:776
[ 4176970ms] [WARNING] GSAP target  not found. https://gsap.com @ http://localhost:3000/_next/static/chunks/node_modules_next_dist_1e8vcs8._.js:776
[ 4176971ms] [WARNING] GSAP target  not found. https://gsap.com @ http://localhost:3000/_next/static/chunks/node_modules_next_dist_1e8vcs8._.js:776
[ 4176971ms] [WARNING] GSAP target  not found. https://gsap.com @ http://localhost:3000/_next/static/chunks/node_modules_next_dist_1e8vcs8._.js:776
[ 4176972ms] [WARNING] GSAP target  not found. https://gsap.com @ http://localhost:3000/_next/static/chunks/node_modules_next_dist_1e8vcs8._.js:776
[ 4176973ms] [WARNING] GSAP target  not found. https://gsap.com @ http://localhost:3000/_next/static/chunks/node_modules_next_dist_1e8vcs8._.js:776
[ 4176973ms] [WARNING] GSAP target  not found. https://gsap.com @ http://localhost:3000/_next/static/chunks/node_modules_next_dist_1e8vcs8._.js:776
[ 4176974ms] [WARNING] GSAP target  not found. https://gsap.com @ http://localhost:3000/_next/static/chunks/node_modules_next_dist_1e8vcs8._.js:776
[ 4176975ms] [WARNING] GSAP target [object NodeList] not found. https://gsap.com @ http://localhost:3000/_next/static/chunks/node_modules_next_dist_1e8vcs8._.js:776
[ 4176976ms] [WARNING] GSAP target  not found. https://gsap.com @ http://localhost:3000/_next/static/chunks/node_modules_next_dist_1e8vcs8._.js:776
[ 4176976ms] [WARNING] GSAP target  not found. https://gsap.com @ http://localhost:3000/_next/static/chunks/node_modules_next_dist_1e8vcs8._.js:776
[ 4176977ms] [WARNING] GSAP target [object NodeList] not found. https://gsap.com @ http://localhost:3000/_next/static/chunks/node_modules_next_dist_1e8vcs8._.js:776
[ 4176978ms] [WARNING] GSAP target  not found. https://gsap.com @ http://localhost:3000/_next/static/chunks/node_modules_next_dist_1e8vcs8._.js:776
[ 4176978ms] [WARNING] GSAP target  not found. https://gsap.com @ http://localhost:3000/_next/static/chunks/node_modules_next_dist_1e8vcs8._.js:776
[ 4176979ms] [WARNING] GSAP target [object NodeList] not found. https://gsap.com @ http://localhost:3000/_next/static/chunks/node_modules_next_dist_1e8vcs8._.js:776
[ 4176979ms] [WARNING] GSAP target  not found. https://gsap.com @ http://localhost:3000/_next/static/chunks/node_modules_next_dist_1e8vcs8._.js:776
[ 4176980ms] [WARNING] GSAP target  not found. https://gsap.com @ http://localhost:3000/_next/static/chunks/node_modules_next_dist_1e8vcs8._.js:776
[ 4176981ms] [WARNING] GSAP target [object NodeList] not found. https://gsap.com @ http://localhost:3000/_next/static/chunks/node_modules_next_dist_1e8vcs8._.js:776
[ 4176981ms] [WARNING] GSAP target  not found. https://gsap.com @ http://localhost:3000/_next/static/chunks/node_modules_next_dist_1e8vcs8._.js:776
[ 4176982ms] [WARNING] GSAP target  not found. https://gsap.com @ http://localhost:3000/_next/static/chunks/node_modules_next_dist_1e8vcs8._.js:776
[ 4176982ms] [WARNING] GSAP target  not found. https://gsap.com @ http://localhost:3000/_next/static/chunks/node_modules_next_dist_1e8vcs8._.js:776
[ 4176983ms] [WARNING] GSAP target  not found. https://gsap.com @ http://localhost:3000/_next/static/chunks/node_modules_next_dist_1e8vcs8._.js:776
[ 4176983ms] [WARNING] GSAP target  not found. https://gsap.com @ http://localhost:3000/_next/static/chunks/node_modules_next_dist_1e8vcs8._.js:776
[ 4176984ms] [WARNING] GSAP target  not found. https://gsap.com @ http://localhost:3000/_next/static/chunks/node_modules_next_dist_1e8vcs8._.js:776
[ 4176984ms] [WARNING] GSAP target  not found. https://gsap.com @ http://localhost:3000/_next/static/chunks/node_modules_next_dist_1e8vcs8._.js:776
[ 4176984ms] [WARNING] GSAP target  not found. https://gsap.com @ http://localhost:3000/_next/static/chunks/node_modules_next_dist_1e8vcs8._.js:776
[ 4176985ms] [WARNING] GSAP target  not found. https://gsap.com @ http://localhost:3000/_next/static/chunks/node_modules_next_dist_1e8vcs8._.js:776
[ 4176985ms] [WARNING] GSAP target  not found. https://gsap.com @ http://localhost:3000/_next/static/chunks/node_modules_next_dist_1e8vcs8._.js:776
[ 4176985ms] [WARNING] GSAP target  not found. https://gsap.com @ http://localhost:3000/_next/static/chunks/node_modules_next_dist_1e8vcs8._.js:776
[ 4176986ms] [WARNING] GSAP target  not found. https://gsap.com @ http://localhost:3000/_next/static/chunks/node_modules_next_dist_1e8vcs8._.js:776
[ 4176986ms] [WARNING] GSAP target  not found. https://gsap.com @ http://localhost:3000/_next/static/chunks/node_modules_next_dist_1e8vcs8._.js:776
[ 4176987ms] [WARNING] GSAP target  not found. https://gsap.com @ http://localhost:3000/_next/static/chunks/node_modules_next_dist_1e8vcs8._.js:776
[ 4176987ms] [WARNING] GSAP target [object NodeList] not found. https://gsap.com @ http://localhost:3000/_next/static/chunks/node_modules_next_dist_1e8vcs8._.js:776
[ 4176987ms] [WARNING] GSAP target  not found. https://gsap.com @ http://localhost:3000/_next/static/chunks/node_modules_next_dist_1e8vcs8._.js:776
[ 4176988ms] [WARNING] GSAP target  not found. https://gsap.com @ http://localhost:3000/_next/static/chunks/node_modules_next_dist_1e8vcs8._.js:776
[ 4176988ms] [WARNING] GSAP target [object NodeList] not found. https://gsap.com @ http://localhost:3000/_next/static/chunks/node_modules_next_dist_1e8vcs8._.js:776
[ 4176989ms] [WARNING] GSAP target  not found. https://gsap.com @ http://localhost:3000/_next/static/chunks/node_modules_next_dist_1e8vcs8._.js:776
[ 4176989ms] [WARNING] GSAP target  not found. https://gsap.com @ http://localhost:3000/_next/static/chunks/node_modules_next_dist_1e8vcs8._.js:776
[ 4176990ms] [WARNING] GSAP target [object NodeList] not found. https://gsap.com @ http://localhost:3000/_next/static/chunks/node_modules_next_dist_1e8vcs8._.js:776
[ 4176991ms] [WARNING] GSAP target  not found. https://gsap.com @ http://localhost:3000/_next/static/chunks/node_modules_next_dist_1e8vcs8._.js:776
[ 4176992ms] [WARNING] GSAP target  not found. https://gsap.com @ http://localhost:3000/_next/static/chunks/node_modules_next_dist_1e8vcs8._.js:776
[ 4176992ms] [WARNING] GSAP target [object NodeList] not found. https://gsap.com @ http://localhost:3000/_next/static/chunks/node_modules_next_dist_1e8vcs8._.js:776
[ 4176993ms] [WARNING] GSAP target  not found. https://gsap.com @ http://localhost:3000/_next/static/chunks/node_modules_next_dist_1e8vcs8._.js:776
[ 4176994ms] [WARNING] GSAP target  not found. https://gsap.com @ http://localhost:3000/_next/static/chunks/node_modules_next_dist_1e8vcs8._.js:776
[ 4177055ms] [LOG] [Fast Refresh] done in 7ms @ http://localhost:3000/_next/static/chunks/node_modules_next_dist_1e8vcs8._.js:776
[ 4177172ms] [WARNING] Invalid scope @ http://localhost:3000/_next/static/chunks/node_modules_next_dist_1e8vcs8._.js:776
[ 4177172ms] [WARNING] GSAP target .pre-name not found. https://gsap.com @ http://localhost:3000/_next/static/chunks/node_modules_next_dist_1e8vcs8._.js:776
[ 4177173ms] [WARNING] Invalid scope @ http://localhost:3000/_next/static/chunks/node_modules_next_dist_1e8vcs8._.js:776
[ 4177173ms] [WARNING] GSAP target  not found. https://gsap.com @ http://localhost:3000/_next/static/chunks/node_modules_next_dist_1e8vcs8._.js:776
[ 4177174ms] [WARNING] Invalid scope @ http://localhost:3000/_next/static/chunks/node_modules_next_dist_1e8vcs8._.js:776
[ 4177175ms] [WARNING] GSAP target .pre-sub not found. https://gsap.com @ http://localhost:3000/_next/static/chunks/node_modules_next_dist_1e8vcs8._.js:776
[ 4177176ms] [WARNING] Invalid scope @ http://localhost:3000/_next/static/chunks/node_modules_next_dist_1e8vcs8._.js:776
[ 4177176ms] [WARNING] GSAP target  not found. https://gsap.com @ http://localhost:3000/_next/static/chunks/node_modules_next_dist_1e8vcs8._.js:776
[ 4177177ms] [WARNING] Invalid scope @ http://localhost:3000/_next/static/chunks/node_modules_next_dist_1e8vcs8._.js:776
[ 4177177ms] [WARNING] GSAP target .gavel-progress not found. https://gsap.com @ http://localhost:3000/_next/static/chunks/node_modules_next_dist_1e8vcs8._.js:776
[ 4177178ms] [WARNING] Invalid scope @ http://localhost:3000/_next/static/chunks/node_modules_next_dist_1e8vcs8._.js:776
[ 4177178ms] [WARNING] GSAP target  not found. https://gsap.com @ http://localhost:3000/_next/static/chunks/node_modules_next_dist_1e8vcs8._.js:776
[ 4177179ms] [WARNING] Invalid scope @ http://localhost:3000/_next/static/chunks/node_modules_next_dist_1e8vcs8._.js:776
[ 4177180ms] [WARNING] GSAP target .pre-counter not found. https://gsap.com @ http://localhost:3000/_next/static/chunks/node_modules_next_dist_1e8vcs8._.js:776
[ 4177180ms] [WARNING] Invalid scope @ http://localhost:3000/_next/static/chunks/node_modules_next_dist_1e8vcs8._.js:776
[ 4177181ms] [WARNING] GSAP target  not found. https://gsap.com @ http://localhost:3000/_next/static/chunks/node_modules_next_dist_1e8vcs8._.js:776
[ 4177181ms] [WARNING] Invalid scope @ http://localhost:3000/_next/static/chunks/node_modules_next_dist_1e8vcs8._.js:776
[ 4177182ms] [WARNING] GSAP target .pre-counter-text not found. https://gsap.com @ http://localhost:3000/_next/static/chunks/node_modules_next_dist_1e8vcs8._.js:776
[ 4177182ms] [WARNING] Invalid scope @ http://localhost:3000/_next/static/chunks/node_modules_next_dist_1e8vcs8._.js:776
[ 4177183ms] [WARNING] GSAP target .pre-loader not found. https://gsap.com @ http://localhost:3000/_next/static/chunks/node_modules_next_dist_1e8vcs8._.js:776
[ 4177184ms] [WARNING] Invalid scope @ http://localhost:3000/_next/static/chunks/node_modules_next_dist_1e8vcs8._.js:776
[ 4177185ms] [WARNING] GSAP target .pre-loader not found. https://gsap.com @ http://localhost:3000/_next/static/chunks/node_modules_next_dist_1e8vcs8._.js:776
[ 4177187ms] [WARNING] GSAP target  not found. https://gsap.com @ http://localhost:3000/_next/static/chunks/node_modules_next_dist_1e8vcs8._.js:776
[ 4177328ms] [LOG] [Fast Refresh] rebuilding @ http://localhost:3000/_next/static/chunks/node_modules_next_dist_1e8vcs8._.js:776
[ 4177383ms] [LOG] [Fast Refresh] done in 156ms @ http://localhost:3000/_next/static/chunks/node_modules_next_dist_1e8vcs8._.js:776
[ 4177674ms] [WARNING] GSAP target  not found. https://gsap.com @ http://localhost:3000/_next/static/chunks/node_modules_next_dist_1e8vcs8._.js:776
[ 4177974ms] [WARNING] GSAP target  not found. https://gsap.com @ http://localhost:3000/_next/static/chunks/node_modules_next_dist_1e8vcs8._.js:776
[ 4178374ms] [WARNING] GSAP target  not found. https://gsap.com @ http://localhost:3000/_next/static/chunks/node_modules_next_dist_1e8vcs8._.js:776
[ 4194321ms] [LOG] [Fast Refresh] rebuilding @ http://localhost:3000/_next/static/chunks/node_modules_next_dist_1e8vcs8._.js:776
[ 4194367ms] [LOG] [Fast Refresh] done in 8ms @ http://localhost:3000/_next/static/chunks/node_modules_next_dist_1e8vcs8._.js:776
[ 4194433ms] [WARNING] Invalid scope @ http://localhost:3000/_next/static/chunks/node_modules_next_dist_1e8vcs8._.js:776
[ 4194434ms] [WARNING] GSAP target .pre-name not found. https://gsap.com @ http://localhost:3000/_next/static/chunks/node_modules_next_dist_1e8vcs8._.js:776
[ 4194434ms] [WARNING] Invalid scope @ http://localhost:3000/_next/static/chunks/node_modules_next_dist_1e8vcs8._.js:776
[ 4194435ms] [WARNING] GSAP target  not found. https://gsap.com @ http://localhost:3000/_next/static/chunks/node_modules_next_dist_1e8vcs8._.js:776
[ 4194435ms] [WARNING] Invalid scope @ http://localhost:3000/_next/static/chunks/node_modules_next_dist_1e8vcs8._.js:776
[ 4194435ms] [WARNING] GSAP target .pre-sub not found. https://gsap.com @ http://localhost:3000/_next/static/chunks/node_modules_next_dist_1e8vcs8._.js:776
[ 4194436ms] [WARNING] Invalid scope @ http://localhost:3000/_next/static/chunks/node_modules_next_dist_1e8vcs8._.js:776
[ 4194436ms] [WARNING] GSAP target  not found. https://gsap.com @ http://localhost:3000/_next/static/chunks/node_modules_next_dist_1e8vcs8._.js:776
[ 4194437ms] [WARNING] Invalid scope @ http://localhost:3000/_next/static/chunks/node_modules_next_dist_1e8vcs8._.js:776
[ 4194437ms] [WARNING] GSAP target .gavel-progress not found. https://gsap.com @ http://localhost:3000/_next/static/chunks/node_modules_next_dist_1e8vcs8._.js:776
[ 4194438ms] [WARNING] Invalid scope @ http://localhost:3000/_next/static/chunks/node_modules_next_dist_1e8vcs8._.js:776
[ 4194438ms] [WARNING] GSAP target  not found. https://gsap.com @ http://localhost:3000/_next/static/chunks/node_modules_next_dist_1e8vcs8._.js:776
[ 4194439ms] [WARNING] Invalid scope @ http://localhost:3000/_next/static/chunks/node_modules_next_dist_1e8vcs8._.js:776
[ 4194439ms] [WARNING] GSAP target .pre-counter not found. https://gsap.com @ http://localhost:3000/_next/static/chunks/node_modules_next_dist_1e8vcs8._.js:776
[ 4194440ms] [WARNING] Invalid scope @ http://localhost:3000/_next/static/chunks/node_modules_next_dist_1e8vcs8._.js:776
[ 4194441ms] [WARNING] GSAP target  not found. https://gsap.com @ http://localhost:3000/_next/static/chunks/node_modules_next_dist_1e8vcs8._.js:776
[ 4194441ms] [WARNING] Invalid scope @ http://localhost:3000/_next/static/chunks/node_modules_next_dist_1e8vcs8._.js:776
[ 4194442ms] [WARNING] GSAP target .pre-counter-text not found. https://gsap.com @ http://localhost:3000/_next/static/chunks/node_modules_next_dist_1e8vcs8._.js:776
[ 4194442ms] [WARNING] Invalid scope @ http://localhost:3000/_next/static/chunks/node_modules_next_dist_1e8vcs8._.js:776
[ 4194443ms] [WARNING] GSAP target .pre-loader not found. https://gsap.com @ http://localhost:3000/_next/static/chunks/node_modules_next_dist_1e8vcs8._.js:776
[ 4194443ms] [WARNING] Invalid scope @ http://localhost:3000/_next/static/chunks/node_modules_next_dist_1e8vcs8._.js:776
[ 4194443ms] [WARNING] GSAP target .pre-loader not found. https://gsap.com @ http://localhost:3000/_next/static/chunks/node_modules_next_dist_1e8vcs8._.js:776
[ 4194445ms] [WARNING] GSAP target  not found. https://gsap.com @ http://localhost:3000/_next/static/chunks/node_modules_next_dist_1e8vcs8._.js:776
[ 4194503ms] [LOG] [Fast Refresh] done in 8ms @ http://localhost:3000/_next/static/chunks/node_modules_next_dist_1e8vcs8._.js:776
[ 4194940ms] [WARNING] GSAP target  not found. https://gsap.com @ http://localhost:3000/_next/static/chunks/node_modules_next_dist_1e8vcs8._.js:776
[ 4195240ms] [WARNING] GSAP target  not found. https://gsap.com @ http://localhost:3000/_next/static/chunks/node_modules_next_dist_1e8vcs8._.js:776
[ 4195640ms] [WARNING] GSAP target  not found. https://gsap.com @ http://localhost:3000/_next/static/chunks/node_modules_next_dist_1e8vcs8._.js:776
[ 4235130ms] [LOG] [Fast Refresh] rebuilding @ http://localhost:3000/_next/static/chunks/node_modules_next_dist_1e8vcs8._.js:776
[ 4235266ms] [LOG] [Fast Refresh] done in 6ms @ http://localhost:3000/_next/static/chunks/node_modules_next_dist_1e8vcs8._.js:776
[ 4235375ms] [WARNING] Invalid scope @ http://localhost:3000/_next/static/chunks/node_modules_next_dist_1e8vcs8._.js:776
[ 4235376ms] [WARNING] GSAP target .pre-name not found. https://gsap.com @ http://localhost:3000/_next/static/chunks/node_modules_next_dist_1e8vcs8._.js:776
[ 4235376ms] [WARNING] Invalid scope @ http://localhost:3000/_next/static/chunks/node_modules_next_dist_1e8vcs8._.js:776
[ 4235376ms] [WARNING] GSAP target  not found. https://gsap.com @ http://localhost:3000/_next/static/chunks/node_modules_next_dist_1e8vcs8._.js:776
[ 4235377ms] [WARNING] Invalid scope @ http://localhost:3000/_next/static/chunks/node_modules_next_dist_1e8vcs8._.js:776
[ 4235377ms] [WARNING] GSAP target .pre-sub not found. https://gsap.com @ http://localhost:3000/_next/static/chunks/node_modules_next_dist_1e8vcs8._.js:776
[ 4235378ms] [WARNING] Invalid scope @ http://localhost:3000/_next/static/chunks/node_modules_next_dist_1e8vcs8._.js:776
[ 4235378ms] [WARNING] GSAP target  not found. https://gsap.com @ http://localhost:3000/_next/static/chunks/node_modules_next_dist_1e8vcs8._.js:776
[ 4235379ms] [WARNING] Invalid scope @ http://localhost:3000/_next/static/chunks/node_modules_next_dist_1e8vcs8._.js:776
[ 4235379ms] [WARNING] GSAP target .gavel-progress not found. https://gsap.com @ http://localhost:3000/_next/static/chunks/node_modules_next_dist_1e8vcs8._.js:776
[ 4235380ms] [WARNING] Invalid scope @ http://localhost:3000/_next/static/chunks/node_modules_next_dist_1e8vcs8._.js:776
[ 4235380ms] [WARNING] GSAP target  not found. https://gsap.com @ http://localhost:3000/_next/static/chunks/node_modules_next_dist_1e8vcs8._.js:776
[ 4235380ms] [WARNING] Invalid scope @ http://localhost:3000/_next/static/chunks/node_modules_next_dist_1e8vcs8._.js:776
[ 4235381ms] [WARNING] GSAP target .pre-counter not found. https://gsap.com @ http://localhost:3000/_next/static/chunks/node_modules_next_dist_1e8vcs8._.js:776
[ 4235381ms] [WARNING] Invalid scope @ http://localhost:3000/_next/static/chunks/node_modules_next_dist_1e8vcs8._.js:776
[ 4235381ms] [WARNING] GSAP target  not found. https://gsap.com @ http://localhost:3000/_next/static/chunks/node_modules_next_dist_1e8vcs8._.js:776
[ 4235382ms] [WARNING] Invalid scope @ http://localhost:3000/_next/static/chunks/node_modules_next_dist_1e8vcs8._.js:776
[ 4235382ms] [WARNING] GSAP target .pre-counter-text not found. https://gsap.com @ http://localhost:3000/_next/static/chunks/node_modules_next_dist_1e8vcs8._.js:776
[ 4235382ms] [WARNING] Invalid scope @ http://localhost:3000/_next/static/chunks/node_modules_next_dist_1e8vcs8._.js:776
[ 4235383ms] [WARNING] GSAP target .pre-loader not found. https://gsap.com @ http://localhost:3000/_next/static/chunks/node_modules_next_dist_1e8vcs8._.js:776
[ 4235383ms] [WARNING] Invalid scope @ http://localhost:3000/_next/static/chunks/node_modules_next_dist_1e8vcs8._.js:776
[ 4235383ms] [WARNING] GSAP target .pre-loader not found. https://gsap.com @ http://localhost:3000/_next/static/chunks/node_modules_next_dist_1e8vcs8._.js:776
[ 4235384ms] [WARNING] GSAP target  not found. https://gsap.com @ http://localhost:3000/_next/static/chunks/node_modules_next_dist_1e8vcs8._.js:776
[ 4235873ms] [WARNING] GSAP target  not found. https://gsap.com @ http://localhost:3000/_next/static/chunks/node_modules_next_dist_1e8vcs8._.js:776
[ 4236173ms] [WARNING] GSAP target  not found. https://gsap.com @ http://localhost:3000/_next/static/chunks/node_modules_next_dist_1e8vcs8._.js:776
[ 4236573ms] [WARNING] GSAP target  not found. https://gsap.com @ http://localhost:3000/_next/static/chunks/node_modules_next_dist_1e8vcs8._.js:776
[ 4259508ms] [LOG] [Fast Refresh] rebuilding @ http://localhost:3000/_next/static/chunks/node_modules_next_dist_1e8vcs8._.js:776
[ 4259562ms] [LOG] [Fast Refresh] done in 9ms @ http://localhost:3000/_next/static/chunks/node_modules_next_dist_1e8vcs8._.js:776
[ 4259718ms] [WARNING] Invalid scope @ http://localhost:3000/_next/static/chunks/node_modules_next_dist_1e8vcs8._.js:776
[ 4259718ms] [WARNING] GSAP target .pre-name not found. https://gsap.com @ http://localhost:3000/_next/static/chunks/node_modules_next_dist_1e8vcs8._.js:776
[ 4259719ms] [WARNING] Invalid scope @ http://localhost:3000/_next/static/chunks/node_modules_next_dist_1e8vcs8._.js:776
[ 4259719ms] [WARNING] GSAP target  not found. https://gsap.com @ http://localhost:3000/_next/static/chunks/node_modules_next_dist_1e8vcs8._.js:776
[ 4259719ms] [WARNING] Invalid scope @ http://localhost:3000/_next/static/chunks/node_modules_next_dist_1e8vcs8._.js:776
[ 4259720ms] [WARNING] GSAP target .pre-sub not found. https://gsap.com @ http://localhost:3000/_next/static/chunks/node_modules_next_dist_1e8vcs8._.js:776
[ 4259720ms] [WARNING] Invalid scope @ http://localhost:3000/_next/static/chunks/node_modules_next_dist_1e8vcs8._.js:776
[ 4259720ms] [WARNING] GSAP target  not found. https://gsap.com @ http://localhost:3000/_next/static/chunks/node_modules_next_dist_1e8vcs8._.js:776
[ 4259721ms] [WARNING] Invalid scope @ http://localhost:3000/_next/static/chunks/node_modules_next_dist_1e8vcs8._.js:776
[ 4259721ms] [WARNING] GSAP target .gavel-progress not found. https://gsap.com @ http://localhost:3000/_next/static/chunks/node_modules_next_dist_1e8vcs8._.js:776
[ 4259721ms] [WARNING] Invalid scope @ http://localhost:3000/_next/static/chunks/node_modules_next_dist_1e8vcs8._.js:776
[ 4259722ms] [WARNING] GSAP target  not found. https://gsap.com @ http://localhost:3000/_next/static/chunks/node_modules_next_dist_1e8vcs8._.js:776
[ 4259722ms] [WARNING] Invalid scope @ http://localhost:3000/_next/static/chunks/node_modules_next_dist_1e8vcs8._.js:776
[ 4259723ms] [WARNING] GSAP target .pre-counter not found. https://gsap.com @ http://localhost:3000/_next/static/chunks/node_modules_next_dist_1e8vcs8._.js:776
[ 4259723ms] [WARNING] Invalid scope @ http://localhost:3000/_next/static/chunks/node_modules_next_dist_1e8vcs8._.js:776
[ 4259724ms] [WARNING] GSAP target  not found. https://gsap.com @ http://localhost:3000/_next/static/chunks/node_modules_next_dist_1e8vcs8._.js:776
[ 4259724ms] [WARNING] Invalid scope @ http://localhost:3000/_next/static/chunks/node_modules_next_dist_1e8vcs8._.js:776
[ 4259725ms] [WARNING] GSAP target .pre-counter-text not found. https://gsap.com @ http://localhost:3000/_next/static/chunks/node_modules_next_dist_1e8vcs8._.js:776
[ 4259725ms] [WARNING] Invalid scope @ http://localhost:3000/_next/static/chunks/node_modules_next_dist_1e8vcs8._.js:776
[ 4259725ms] [WARNING] GSAP target .pre-loader not found. https://gsap.com @ http://localhost:3000/_next/static/chunks/node_modules_next_dist_1e8vcs8._.js:776
[ 4259726ms] [WARNING] Invalid scope @ http://localhost:3000/_next/static/chunks/node_modules_next_dist_1e8vcs8._.js:776
[ 4259726ms] [WARNING] GSAP target .pre-loader not found. https://gsap.com @ http://localhost:3000/_next/static/chunks/node_modules_next_dist_1e8vcs8._.js:776
[ 4259727ms] [WARNING] GSAP target  not found. https://gsap.com @ http://localhost:3000/_next/static/chunks/node_modules_next_dist_1e8vcs8._.js:776
[ 4260222ms] [WARNING] GSAP target  not found. https://gsap.com @ http://localhost:3000/_next/static/chunks/node_modules_next_dist_1e8vcs8._.js:776
[ 4260522ms] [WARNING] GSAP target  not found. https://gsap.com @ http://localhost:3000/_next/static/chunks/node_modules_next_dist_1e8vcs8._.js:776
[ 4260922ms] [WARNING] GSAP target  not found. https://gsap.com @ http://localhost:3000/_next/static/chunks/node_modules_next_dist_1e8vcs8._.js:776
[ 4289229ms] [LOG] [Fast Refresh] rebuilding @ http://localhost:3000/_next/static/chunks/node_modules_next_dist_1e8vcs8._.js:776
[ 4289283ms] [LOG] [Fast Refresh] done in 6ms @ http://localhost:3000/_next/static/chunks/node_modules_next_dist_1e8vcs8._.js:776
[ 4289347ms] [WARNING] Invalid scope @ http://localhost:3000/_next/static/chunks/node_modules_next_dist_1e8vcs8._.js:776
[ 4289348ms] [WARNING] GSAP target .pre-name not found. https://gsap.com @ http://localhost:3000/_next/static/chunks/node_modules_next_dist_1e8vcs8._.js:776
[ 4289348ms] [WARNING] Invalid scope @ http://localhost:3000/_next/static/chunks/node_modules_next_dist_1e8vcs8._.js:776
[ 4289349ms] [WARNING] GSAP target  not found. https://gsap.com @ http://localhost:3000/_next/static/chunks/node_modules_next_dist_1e8vcs8._.js:776
[ 4289349ms] [WARNING] Invalid scope @ http://localhost:3000/_next/static/chunks/node_modules_next_dist_1e8vcs8._.js:776
[ 4289349ms] [WARNING] GSAP target .pre-sub not found. https://gsap.com @ http://localhost:3000/_next/static/chunks/node_modules_next_dist_1e8vcs8._.js:776
[ 4289350ms] [WARNING] Invalid scope @ http://localhost:3000/_next/static/chunks/node_modules_next_dist_1e8vcs8._.js:776
[ 4289350ms] [WARNING] GSAP target  not found. https://gsap.com @ http://localhost:3000/_next/static/chunks/node_modules_next_dist_1e8vcs8._.js:776
[ 4289350ms] [WARNING] Invalid scope @ http://localhost:3000/_next/static/chunks/node_modules_next_dist_1e8vcs8._.js:776
[ 4289351ms] [WARNING] GSAP target .gavel-progress not found. https://gsap.com @ http://localhost:3000/_next/static/chunks/node_modules_next_dist_1e8vcs8._.js:776
[ 4289351ms] [WARNING] Invalid scope @ http://localhost:3000/_next/static/chunks/node_modules_next_dist_1e8vcs8._.js:776
[ 4289352ms] [WARNING] GSAP target  not found. https://gsap.com @ http://localhost:3000/_next/static/chunks/node_modules_next_dist_1e8vcs8._.js:776
[ 4289352ms] [WARNING] Invalid scope @ http://localhost:3000/_next/static/chunks/node_modules_next_dist_1e8vcs8._.js:776
[ 4289352ms] [WARNING] GSAP target .pre-counter not found. https://gsap.com @ http://localhost:3000/_next/static/chunks/node_modules_next_dist_1e8vcs8._.js:776
[ 4289353ms] [WARNING] Invalid scope @ http://localhost:3000/_next/static/chunks/node_modules_next_dist_1e8vcs8._.js:776
[ 4289353ms] [WARNING] GSAP target  not found. https://gsap.com @ http://localhost:3000/_next/static/chunks/node_modules_next_dist_1e8vcs8._.js:776
[ 4289354ms] [WARNING] Invalid scope @ http://localhost:3000/_next/static/chunks/node_modules_next_dist_1e8vcs8._.js:776
[ 4289354ms] [WARNING] GSAP target .pre-counter-text not found. https://gsap.com @ http://localhost:3000/_next/static/chunks/node_modules_next_dist_1e8vcs8._.js:776
[ 4289354ms] [WARNING] Invalid scope @ http://localhost:3000/_next/static/chunks/node_modules_next_dist_1e8vcs8._.js:776
[ 4289355ms] [WARNING] GSAP target .pre-loader not found. https://gsap.com @ http://localhost:3000/_next/static/chunks/node_modules_next_dist_1e8vcs8._.js:776
[ 4289356ms] [WARNING] Invalid scope @ http://localhost:3000/_next/static/chunks/node_modules_next_dist_1e8vcs8._.js:776
[ 4289356ms] [WARNING] GSAP target .pre-loader not found. https://gsap.com @ http://localhost:3000/_next/static/chunks/node_modules_next_dist_1e8vcs8._.js:776
[ 4289358ms] [WARNING] GSAP target  not found. https://gsap.com @ http://localhost:3000/_next/static/chunks/node_modules_next_dist_1e8vcs8._.js:776
[ 4289855ms] [WARNING] GSAP target  not found. https://gsap.com @ http://localhost:3000/_next/static/chunks/node_modules_next_dist_1e8vcs8._.js:776
[ 4290155ms] [WARNING] GSAP target  not found. https://gsap.com @ http://localhost:3000/_next/static/chunks/node_modules_next_dist_1e8vcs8._.js:776
[ 4290555ms] [WARNING] GSAP target  not found. https://gsap.com @ http://localhost:3000/_next/static/chunks/node_modules_next_dist_1e8vcs8._.js:776
[ 4299829ms] [LOG] [Fast Refresh] rebuilding @ http://localhost:3000/_next/static/chunks/node_modules_next_dist_1e8vcs8._.js:776
[ 4299887ms] [LOG] [Fast Refresh] done in 7ms @ http://localhost:3000/_next/static/chunks/node_modules_next_dist_1e8vcs8._.js:776
[ 4300001ms] [WARNING] Invalid scope @ http://localhost:3000/_next/static/chunks/node_modules_next_dist_1e8vcs8._.js:776
[ 4300002ms] [WARNING] GSAP target .pre-name not found. https://gsap.com @ http://localhost:3000/_next/static/chunks/node_modules_next_dist_1e8vcs8._.js:776
[ 4300002ms] [WARNING] Invalid scope @ http://localhost:3000/_next/static/chunks/node_modules_next_dist_1e8vcs8._.js:776
[ 4300002ms] [WARNING] GSAP target  not found. https://gsap.com @ http://localhost:3000/_next/static/chunks/node_modules_next_dist_1e8vcs8._.js:776
[ 4300003ms] [WARNING] Invalid scope @ http://localhost:3000/_next/static/chunks/node_modules_next_dist_1e8vcs8._.js:776
[ 4300003ms] [WARNING] GSAP target .pre-sub not found. https://gsap.com @ http://localhost:3000/_next/static/chunks/node_modules_next_dist_1e8vcs8._.js:776
[ 4300003ms] [WARNING] Invalid scope @ http://localhost:3000/_next/static/chunks/node_modules_next_dist_1e8vcs8._.js:776
[ 4300004ms] [WARNING] GSAP target  not found. https://gsap.com @ http://localhost:3000/_next/static/chunks/node_modules_next_dist_1e8vcs8._.js:776
[ 4300004ms] [WARNING] Invalid scope @ http://localhost:3000/_next/static/chunks/node_modules_next_dist_1e8vcs8._.js:776
[ 4300005ms] [WARNING] GSAP target .gavel-progress not found. https://gsap.com @ http://localhost:3000/_next/static/chunks/node_modules_next_dist_1e8vcs8._.js:776
[ 4300005ms] [WARNING] Invalid scope @ http://localhost:3000/_next/static/chunks/node_modules_next_dist_1e8vcs8._.js:776
[ 4300005ms] [WARNING] GSAP target  not found. https://gsap.com @ http://localhost:3000/_next/static/chunks/node_modules_next_dist_1e8vcs8._.js:776
[ 4300006ms] [WARNING] Invalid scope @ http://localhost:3000/_next/static/chunks/node_modules_next_dist_1e8vcs8._.js:776
[ 4300006ms] [WARNING] GSAP target .pre-counter not found. https://gsap.com @ http://localhost:3000/_next/static/chunks/node_modules_next_dist_1e8vcs8._.js:776
[ 4300007ms] [WARNING] Invalid scope @ http://localhost:3000/_next/static/chunks/node_modules_next_dist_1e8vcs8._.js:776
[ 4300007ms] [WARNING] GSAP target  not found. https://gsap.com @ http://localhost:3000/_next/static/chunks/node_modules_next_dist_1e8vcs8._.js:776
[ 4300007ms] [WARNING] Invalid scope @ http://localhost:3000/_next/static/chunks/node_modules_next_dist_1e8vcs8._.js:776
[ 4300008ms] [WARNING] GSAP target .pre-counter-text not found. https://gsap.com @ http://localhost:3000/_next/static/chunks/node_modules_next_dist_1e8vcs8._.js:776
[ 4300008ms] [WARNING] Invalid scope @ http://localhost:3000/_next/static/chunks/node_modules_next_dist_1e8vcs8._.js:776
[ 4300009ms] [WARNING] GSAP target .pre-loader not found. https://gsap.com @ http://localhost:3000/_next/static/chunks/node_modules_next_dist_1e8vcs8._.js:776
[ 4300009ms] [WARNING] Invalid scope @ http://localhost:3000/_next/static/chunks/node_modules_next_dist_1e8vcs8._.js:776
[ 4300009ms] [WARNING] GSAP target .pre-loader not found. https://gsap.com @ http://localhost:3000/_next/static/chunks/node_modules_next_dist_1e8vcs8._.js:776
[ 4300011ms] [WARNING] GSAP target  not found. https://gsap.com @ http://localhost:3000/_next/static/chunks/node_modules_next_dist_1e8vcs8._.js:776
[ 4300505ms] [WARNING] GSAP target  not found. https://gsap.com @ http://localhost:3000/_next/static/chunks/node_modules_next_dist_1e8vcs8._.js:776
[ 4300805ms] [WARNING] GSAP target  not found. https://gsap.com @ http://localhost:3000/_next/static/chunks/node_modules_next_dist_1e8vcs8._.js:776
[ 4301205ms] [WARNING] GSAP target  not found. https://gsap.com @ http://localhost:3000/_next/static/chunks/node_modules_next_dist_1e8vcs8._.js:776
[ 4333562ms] [LOG] [Fast Refresh] rebuilding @ http://localhost:3000/_next/static/chunks/node_modules_next_dist_1e8vcs8._.js:776
[ 4333617ms] [LOG] [Fast Refresh] done in 6ms @ http://localhost:3000/_next/static/chunks/node_modules_next_dist_1e8vcs8._.js:776
[ 4333767ms] [WARNING] Invalid scope @ http://localhost:3000/_next/static/chunks/node_modules_next_dist_1e8vcs8._.js:776
[ 4333767ms] [WARNING] GSAP target .pre-name not found. https://gsap.com @ http://localhost:3000/_next/static/chunks/node_modules_next_dist_1e8vcs8._.js:776
[ 4333767ms] [WARNING] Invalid scope @ http://localhost:3000/_next/static/chunks/node_modules_next_dist_1e8vcs8._.js:776
[ 4333768ms] [WARNING] GSAP target  not found. https://gsap.com @ http://localhost:3000/_next/static/chunks/node_modules_next_dist_1e8vcs8._.js:776
[ 4333768ms] [WARNING] Invalid scope @ http://localhost:3000/_next/static/chunks/node_modules_next_dist_1e8vcs8._.js:776
[ 4333769ms] [WARNING] GSAP target .pre-sub not found. https://gsap.com @ http://localhost:3000/_next/static/chunks/node_modules_next_dist_1e8vcs8._.js:776
[ 4333769ms] [WARNING] Invalid scope @ http://localhost:3000/_next/static/chunks/node_modules_next_dist_1e8vcs8._.js:776
[ 4333769ms] [WARNING] GSAP target  not found. https://gsap.com @ http://localhost:3000/_next/static/chunks/node_modules_next_dist_1e8vcs8._.js:776
[ 4333770ms] [WARNING] Invalid scope @ http://localhost:3000/_next/static/chunks/node_modules_next_dist_1e8vcs8._.js:776
[ 4333770ms] [WARNING] GSAP target .gavel-progress not found. https://gsap.com @ http://localhost:3000/_next/static/chunks/node_modules_next_dist_1e8vcs8._.js:776
[ 4333770ms] [WARNING] Invalid scope @ http://localhost:3000/_next/static/chunks/node_modules_next_dist_1e8vcs8._.js:776
[ 4333771ms] [WARNING] GSAP target  not found. https://gsap.com @ http://localhost:3000/_next/static/chunks/node_modules_next_dist_1e8vcs8._.js:776
[ 4333771ms] [WARNING] Invalid scope @ http://localhost:3000/_next/static/chunks/node_modules_next_dist_1e8vcs8._.js:776
[ 4333772ms] [WARNING] GSAP target .pre-counter not found. https://gsap.com @ http://localhost:3000/_next/static/chunks/node_modules_next_dist_1e8vcs8._.js:776
[ 4333772ms] [WARNING] Invalid scope @ http://localhost:3000/_next/static/chunks/node_modules_next_dist_1e8vcs8._.js:776
[ 4333773ms] [WARNING] GSAP target  not found. https://gsap.com @ http://localhost:3000/_next/static/chunks/node_modules_next_dist_1e8vcs8._.js:776
[ 4333774ms] [WARNING] Invalid scope @ http://localhost:3000/_next/static/chunks/node_modules_next_dist_1e8vcs8._.js:776
[ 4333774ms] [WARNING] GSAP target .pre-counter-text not found. https://gsap.com @ http://localhost:3000/_next/static/chunks/node_modules_next_dist_1e8vcs8._.js:776
[ 4333775ms] [WARNING] Invalid scope @ http://localhost:3000/_next/static/chunks/node_modules_next_dist_1e8vcs8._.js:776
[ 4333775ms] [WARNING] GSAP target .pre-loader not found. https://gsap.com @ http://localhost:3000/_next/static/chunks/node_modules_next_dist_1e8vcs8._.js:776
[ 4333776ms] [WARNING] Invalid scope @ http://localhost:3000/_next/static/chunks/node_modules_next_dist_1e8vcs8._.js:776
[ 4333776ms] [WARNING] GSAP target .pre-loader not found. https://gsap.com @ http://localhost:3000/_next/static/chunks/node_modules_next_dist_1e8vcs8._.js:776
[ 4333779ms] [WARNING] GSAP target  not found. https://gsap.com @ http://localhost:3000/_next/static/chunks/node_modules_next_dist_1e8vcs8._.js:776
[ 4334271ms] [WARNING] GSAP target  not found. https://gsap.com @ http://localhost:3000/_next/static/chunks/node_modules_next_dist_1e8vcs8._.js:776
[ 4334571ms] [WARNING] GSAP target  not found. https://gsap.com @ http://localhost:3000/_next/static/chunks/node_modules_next_dist_1e8vcs8._.js:776
[ 4334971ms] [WARNING] GSAP target  not found. https://gsap.com @ http://localhost:3000/_next/static/chunks/node_modules_next_dist_1e8vcs8._.js:776
[ 4345567ms] [LOG] [Fast Refresh] rebuilding @ http://localhost:3000/_next/static/chunks/node_modules_next_dist_1e8vcs8._.js:776
[ 4345620ms] [LOG] [Fast Refresh] done in 4ms @ http://localhost:3000/_next/static/chunks/node_modules_next_dist_1e8vcs8._.js:776
[ 4345744ms] [WARNING] Invalid scope @ http://localhost:3000/_next/static/chunks/node_modules_next_dist_1e8vcs8._.js:776
[ 4345744ms] [WARNING] GSAP target .pre-name not found. https://gsap.com @ http://localhost:3000/_next/static/chunks/node_modules_next_dist_1e8vcs8._.js:776
[ 4345744ms] [WARNING] Invalid scope @ http://localhost:3000/_next/static/chunks/node_modules_next_dist_1e8vcs8._.js:776
[ 4345745ms] [WARNING] GSAP target  not found. https://gsap.com @ http://localhost:3000/_next/static/chunks/node_modules_next_dist_1e8vcs8._.js:776
[ 4345745ms] [WARNING] Invalid scope @ http://localhost:3000/_next/static/chunks/node_modules_next_dist_1e8vcs8._.js:776
[ 4345745ms] [WARNING] GSAP target .pre-sub not found. https://gsap.com @ http://localhost:3000/_next/static/chunks/node_modules_next_dist_1e8vcs8._.js:776
[ 4345746ms] [WARNING] Invalid scope @ http://localhost:3000/_next/static/chunks/node_modules_next_dist_1e8vcs8._.js:776
[ 4345746ms] [WARNING] GSAP target  not found. https://gsap.com @ http://localhost:3000/_next/static/chunks/node_modules_next_dist_1e8vcs8._.js:776
[ 4345747ms] [WARNING] Invalid scope @ http://localhost:3000/_next/static/chunks/node_modules_next_dist_1e8vcs8._.js:776
[ 4345747ms] [WARNING] GSAP target .gavel-progress not found. https://gsap.com @ http://localhost:3000/_next/static/chunks/node_modules_next_dist_1e8vcs8._.js:776
[ 4345747ms] [WARNING] Invalid scope @ http://localhost:3000/_next/static/chunks/node_modules_next_dist_1e8vcs8._.js:776
[ 4345748ms] [WARNING] GSAP target  not found. https://gsap.com @ http://localhost:3000/_next/static/chunks/node_modules_next_dist_1e8vcs8._.js:776
[ 4345748ms] [WARNING] Invalid scope @ http://localhost:3000/_next/static/chunks/node_modules_next_dist_1e8vcs8._.js:776
[ 4345748ms] [WARNING] GSAP target .pre-counter not found. https://gsap.com @ http://localhost:3000/_next/static/chunks/node_modules_next_dist_1e8vcs8._.js:776
[ 4345749ms] [WARNING] Invalid scope @ http://localhost:3000/_next/static/chunks/node_modules_next_dist_1e8vcs8._.js:776
[ 4345749ms] [WARNING] GSAP target  not found. https://gsap.com @ http://localhost:3000/_next/static/chunks/node_modules_next_dist_1e8vcs8._.js:776
[ 4345749ms] [WARNING] Invalid scope @ http://localhost:3000/_next/static/chunks/node_modules_next_dist_1e8vcs8._.js:776
[ 4345750ms] [WARNING] GSAP target .pre-counter-text not found. https://gsap.com @ http://localhost:3000/_next/static/chunks/node_modules_next_dist_1e8vcs8._.js:776
[ 4345750ms] [WARNING] Invalid scope @ http://localhost:3000/_next/static/chunks/node_modules_next_dist_1e8vcs8._.js:776
[ 4345751ms] [WARNING] GSAP target .pre-loader not found. https://gsap.com @ http://localhost:3000/_next/static/chunks/node_modules_next_dist_1e8vcs8._.js:776
[ 4345751ms] [WARNING] Invalid scope @ http://localhost:3000/_next/static/chunks/node_modules_next_dist_1e8vcs8._.js:776
[ 4345751ms] [WARNING] GSAP target .pre-loader not found. https://gsap.com @ http://localhost:3000/_next/static/chunks/node_modules_next_dist_1e8vcs8._.js:776
[ 4345756ms] [WARNING] GSAP target  not found. https://gsap.com @ http://localhost:3000/_next/static/chunks/node_modules_next_dist_1e8vcs8._.js:776
[ 4346254ms] [WARNING] GSAP target  not found. https://gsap.com @ http://localhost:3000/_next/static/chunks/node_modules_next_dist_1e8vcs8._.js:776
[ 4346554ms] [WARNING] GSAP target  not found. https://gsap.com @ http://localhost:3000/_next/static/chunks/node_modules_next_dist_1e8vcs8._.js:776
[ 4346954ms] [WARNING] GSAP target  not found. https://gsap.com @ http://localhost:3000/_next/static/chunks/node_modules_next_dist_1e8vcs8._.js:776
[ 4359010ms] [LOG] [Fast Refresh] rebuilding @ http://localhost:3000/_next/static/chunks/node_modules_next_dist_1e8vcs8._.js:776
[ 4359067ms] [WARNING] Invalid scope @ http://localhost:3000/_next/static/chunks/node_modules_next_dist_1e8vcs8._.js:776
[ 4359068ms] [WARNING] GSAP target .pre-name not found. https://gsap.com @ http://localhost:3000/_next/static/chunks/node_modules_next_dist_1e8vcs8._.js:776
[ 4359068ms] [WARNING] Invalid scope @ http://localhost:3000/_next/static/chunks/node_modules_next_dist_1e8vcs8._.js:776
[ 4359069ms] [WARNING] GSAP target  not found. https://gsap.com @ http://localhost:3000/_next/static/chunks/node_modules_next_dist_1e8vcs8._.js:776
[ 4359069ms] [WARNING] Invalid scope @ http://localhost:3000/_next/static/chunks/node_modules_next_dist_1e8vcs8._.js:776
[ 4359070ms] [WARNING] GSAP target .pre-sub not found. https://gsap.com @ http://localhost:3000/_next/static/chunks/node_modules_next_dist_1e8vcs8._.js:776
[ 4359071ms] [WARNING] Invalid scope @ http://localhost:3000/_next/static/chunks/node_modules_next_dist_1e8vcs8._.js:776
[ 4359071ms] [WARNING] GSAP target  not found. https://gsap.com @ http://localhost:3000/_next/static/chunks/node_modules_next_dist_1e8vcs8._.js:776
[ 4359072ms] [WARNING] Invalid scope @ http://localhost:3000/_next/static/chunks/node_modules_next_dist_1e8vcs8._.js:776
[ 4359072ms] [WARNING] GSAP target .gavel-progress not found. https://gsap.com @ http://localhost:3000/_next/static/chunks/node_modules_next_dist_1e8vcs8._.js:776
[ 4359073ms] [WARNING] Invalid scope @ http://localhost:3000/_next/static/chunks/node_modules_next_dist_1e8vcs8._.js:776
[ 4359075ms] [WARNING] GSAP target  not found. https://gsap.com @ http://localhost:3000/_next/static/chunks/node_modules_next_dist_1e8vcs8._.js:776
[ 4359075ms] [WARNING] Invalid scope @ http://localhost:3000/_next/static/chunks/node_modules_next_dist_1e8vcs8._.js:776
[ 4359076ms] [WARNING] GSAP target .pre-counter not found. https://gsap.com @ http://localhost:3000/_next/static/chunks/node_modules_next_dist_1e8vcs8._.js:776
[ 4359077ms] [WARNING] Invalid scope @ http://localhost:3000/_next/static/chunks/node_modules_next_dist_1e8vcs8._.js:776
[ 4359077ms] [WARNING] GSAP target  not found. https://gsap.com @ http://localhost:3000/_next/static/chunks/node_modules_next_dist_1e8vcs8._.js:776
[ 4359078ms] [WARNING] Invalid scope @ http://localhost:3000/_next/static/chunks/node_modules_next_dist_1e8vcs8._.js:776
[ 4359078ms] [WARNING] GSAP target .pre-counter-text not found. https://gsap.com @ http://localhost:3000/_next/static/chunks/node_modules_next_dist_1e8vcs8._.js:776
[ 4359079ms] [WARNING] Invalid scope @ http://localhost:3000/_next/static/chunks/node_modules_next_dist_1e8vcs8._.js:776
[ 4359079ms] [WARNING] GSAP target .pre-loader not found. https://gsap.com @ http://localhost:3000/_next/static/chunks/node_modules_next_dist_1e8vcs8._.js:776
[ 4359080ms] [WARNING] Invalid scope @ http://localhost:3000/_next/static/chunks/node_modules_next_dist_1e8vcs8._.js:776
[ 4359080ms] [WARNING] GSAP target .pre-loader not found. https://gsap.com @ http://localhost:3000/_next/static/chunks/node_modules_next_dist_1e8vcs8._.js:776
[ 4359083ms] [WARNING] GSAP target  not found. https://gsap.com @ http://localhost:3000/_next/static/chunks/node_modules_next_dist_1e8vcs8._.js:776
[ 4359086ms] [LOG] [Fast Refresh] done in 4ms @ http://localhost:3000/_next/static/chunks/node_modules_next_dist_1e8vcs8._.js:776
[ 4359152ms] [WARNING] GSAP target  not found. https://gsap.com @ http://localhost:3000/_next/static/chunks/node_modules_next_dist_1e8vcs8._.js:776
[ 4359153ms] [WARNING] GSAP target  not found. https://gsap.com @ http://localhost:3000/_next/static/chunks/node_modules_next_dist_1e8vcs8._.js:776
[ 4359153ms] [WARNING] GSAP target  not found. https://gsap.com @ http://localhost:3000/_next/static/chunks/node_modules_next_dist_1e8vcs8._.js:776
[ 4359155ms] [WARNING] Invalid scope @ http://localhost:3000/_next/static/chunks/node_modules_next_dist_1e8vcs8._.js:776
[ 4359156ms] [WARNING] GSAP target .pre-name not found. https://gsap.com @ http://localhost:3000/_next/static/chunks/node_modules_next_dist_1e8vcs8._.js:776
[ 4359156ms] [WARNING] Invalid scope @ http://localhost:3000/_next/static/chunks/node_modules_next_dist_1e8vcs8._.js:776
[ 4359157ms] [WARNING] GSAP target  not found. https://gsap.com @ http://localhost:3000/_next/static/chunks/node_modules_next_dist_1e8vcs8._.js:776
[ 4359157ms] [WARNING] Invalid scope @ http://localhost:3000/_next/static/chunks/node_modules_next_dist_1e8vcs8._.js:776
[ 4359158ms] [WARNING] GSAP target .pre-sub not found. https://gsap.com @ http://localhost:3000/_next/static/chunks/node_modules_next_dist_1e8vcs8._.js:776
[ 4359158ms] [WARNING] Invalid scope @ http://localhost:3000/_next/static/chunks/node_modules_next_dist_1e8vcs8._.js:776
[ 4359158ms] [WARNING] GSAP target  not found. https://gsap.com @ http://localhost:3000/_next/static/chunks/node_modules_next_dist_1e8vcs8._.js:776
[ 4359159ms] [WARNING] Invalid scope @ http://localhost:3000/_next/static/chunks/node_modules_next_dist_1e8vcs8._.js:776
[ 4359159ms] [WARNING] GSAP target .gavel-progress not found. https://gsap.com @ http://localhost:3000/_next/static/chunks/node_modules_next_dist_1e8vcs8._.js:776
[ 4359159ms] [WARNING] Invalid scope @ http://localhost:3000/_next/static/chunks/node_modules_next_dist_1e8vcs8._.js:776
[ 4359160ms] [WARNING] GSAP target  not found. https://gsap.com @ http://localhost:3000/_next/static/chunks/node_modules_next_dist_1e8vcs8._.js:776
[ 4359160ms] [WARNING] Invalid scope @ http://localhost:3000/_next/static/chunks/node_modules_next_dist_1e8vcs8._.js:776
[ 4359160ms] [WARNING] GSAP target .pre-counter not found. https://gsap.com @ http://localhost:3000/_next/static/chunks/node_modules_next_dist_1e8vcs8._.js:776
[ 4359161ms] [WARNING] Invalid scope @ http://localhost:3000/_next/static/chunks/node_modules_next_dist_1e8vcs8._.js:776
[ 4359161ms] [WARNING] GSAP target  not found. https://gsap.com @ http://localhost:3000/_next/static/chunks/node_modules_next_dist_1e8vcs8._.js:776
[ 4359162ms] [WARNING] Invalid scope @ http://localhost:3000/_next/static/chunks/node_modules_next_dist_1e8vcs8._.js:776
[ 4359162ms] [WARNING] GSAP target .pre-counter-text not found. https://gsap.com @ http://localhost:3000/_next/static/chunks/node_modules_next_dist_1e8vcs8._.js:776
[ 4359162ms] [WARNING] Invalid scope @ http://localhost:3000/_next/static/chunks/node_modules_next_dist_1e8vcs8._.js:776
[ 4359163ms] [WARNING] GSAP target .pre-loader not found. https://gsap.com @ http://localhost:3000/_next/static/chunks/node_modules_next_dist_1e8vcs8._.js:776
[ 4359163ms] [WARNING] Invalid scope @ http://localhost:3000/_next/static/chunks/node_modules_next_dist_1e8vcs8._.js:776
[ 4359163ms] [WARNING] GSAP target .pre-loader not found. https://gsap.com @ http://localhost:3000/_next/static/chunks/node_modules_next_dist_1e8vcs8._.js:776
[ 4359165ms] [WARNING] GSAP target  not found. https://gsap.com @ http://localhost:3000/_next/static/chunks/node_modules_next_dist_1e8vcs8._.js:776
[ 4359211ms] [LOG] [Fast Refresh] done in 4ms @ http://localhost:3000/_next/static/chunks/node_modules_next_dist_1e8vcs8._.js:776
[ 4359654ms] [WARNING] GSAP target  not found. https://gsap.com @ http://localhost:3000/_next/static/chunks/node_modules_next_dist_1e8vcs8._.js:776
[ 4359954ms] [WARNING] GSAP target  not found. https://gsap.com @ http://localhost:3000/_next/static/chunks/node_modules_next_dist_1e8vcs8._.js:776
[ 4360354ms] [WARNING] GSAP target  not found. https://gsap.com @ http://localhost:3000/_next/static/chunks/node_modules_next_dist_1e8vcs8._.js:776
[ 4374366ms] [LOG] [Fast Refresh] rebuilding @ http://localhost:3000/_next/static/chunks/node_modules_next_dist_1e8vcs8._.js:776
[ 4374418ms] [LOG] [Fast Refresh] done in 6ms @ http://localhost:3000/_next/static/chunks/node_modules_next_dist_1e8vcs8._.js:776
[ 4374527ms] [WARNING] Invalid scope @ http://localhost:3000/_next/static/chunks/node_modules_next_dist_1e8vcs8._.js:776
[ 4374528ms] [WARNING] GSAP target .pre-name not found. https://gsap.com @ http://localhost:3000/_next/static/chunks/node_modules_next_dist_1e8vcs8._.js:776
[ 4374528ms] [WARNING] Invalid scope @ http://localhost:3000/_next/static/chunks/node_modules_next_dist_1e8vcs8._.js:776
[ 4374529ms] [WARNING] GSAP target  not found. https://gsap.com @ http://localhost:3000/_next/static/chunks/node_modules_next_dist_1e8vcs8._.js:776
[ 4374530ms] [WARNING] Invalid scope @ http://localhost:3000/_next/static/chunks/node_modules_next_dist_1e8vcs8._.js:776
[ 4374530ms] [WARNING] GSAP target .pre-sub not found. https://gsap.com @ http://localhost:3000/_next/static/chunks/node_modules_next_dist_1e8vcs8._.js:776
[ 4374531ms] [WARNING] Invalid scope @ http://localhost:3000/_next/static/chunks/node_modules_next_dist_1e8vcs8._.js:776
[ 4374531ms] [WARNING] GSAP target  not found. https://gsap.com @ http://localhost:3000/_next/static/chunks/node_modules_next_dist_1e8vcs8._.js:776
[ 4374532ms] [WARNING] Invalid scope @ http://localhost:3000/_next/static/chunks/node_modules_next_dist_1e8vcs8._.js:776
[ 4374532ms] [WARNING] GSAP target .gavel-progress not found. https://gsap.com @ http://localhost:3000/_next/static/chunks/node_modules_next_dist_1e8vcs8._.js:776
[ 4374532ms] [WARNING] Invalid scope @ http://localhost:3000/_next/static/chunks/node_modules_next_dist_1e8vcs8._.js:776
[ 4374533ms] [WARNING] GSAP target  not found. https://gsap.com @ http://localhost:3000/_next/static/chunks/node_modules_next_dist_1e8vcs8._.js:776
[ 4374534ms] [WARNING] Invalid scope @ http://localhost:3000/_next/static/chunks/node_modules_next_dist_1e8vcs8._.js:776
[ 4374534ms] [WARNING] GSAP target .pre-counter not found. https://gsap.com @ http://localhost:3000/_next/static/chunks/node_modules_next_dist_1e8vcs8._.js:776
[ 4374535ms] [WARNING] Invalid scope @ http://localhost:3000/_next/static/chunks/node_modules_next_dist_1e8vcs8._.js:776
[ 4374535ms] [WARNING] GSAP target  not found. https://gsap.com @ http://localhost:3000/_next/static/chunks/node_modules_next_dist_1e8vcs8._.js:776
[ 4374536ms] [WARNING] Invalid scope @ http://localhost:3000/_next/static/chunks/node_modules_next_dist_1e8vcs8._.js:776
[ 4374536ms] [WARNING] GSAP target .pre-counter-text not found. https://gsap.com @ http://localhost:3000/_next/static/chunks/node_modules_next_dist_1e8vcs8._.js:776
[ 4374537ms] [WARNING] Invalid scope @ http://localhost:3000/_next/static/chunks/node_modules_next_dist_1e8vcs8._.js:776
[ 4374537ms] [WARNING] GSAP target .pre-loader not found. https://gsap.com @ http://localhost:3000/_next/static/chunks/node_modules_next_dist_1e8vcs8._.js:776
[ 4374538ms] [WARNING] Invalid scope @ http://localhost:3000/_next/static/chunks/node_modules_next_dist_1e8vcs8._.js:776
[ 4374539ms] [WARNING] GSAP target .pre-loader not found. https://gsap.com @ http://localhost:3000/_next/static/chunks/node_modules_next_dist_1e8vcs8._.js:776
[ 4374541ms] [WARNING] GSAP target  not found. https://gsap.com @ http://localhost:3000/_next/static/chunks/node_modules_next_dist_1e8vcs8._.js:776
[ 4375037ms] [WARNING] GSAP target  not found. https://gsap.com @ http://localhost:3000/_next/static/chunks/node_modules_next_dist_1e8vcs8._.js:776
[ 4375337ms] [WARNING] GSAP target  not found. https://gsap.com @ http://localhost:3000/_next/static/chunks/node_modules_next_dist_1e8vcs8._.js:776
[ 4375737ms] [WARNING] GSAP target  not found. https://gsap.com @ http://localhost:3000/_next/static/chunks/node_modules_next_dist_1e8vcs8._.js:776
[ 4389323ms] [LOG] [Fast Refresh] rebuilding @ http://localhost:3000/_next/static/chunks/node_modules_next_dist_1e8vcs8._.js:776
[ 4389376ms] [LOG] [Fast Refresh] done in 5ms @ http://localhost:3000/_next/static/chunks/node_modules_next_dist_1e8vcs8._.js:776
[ 4389436ms] [WARNING] Invalid scope @ http://localhost:3000/_next/static/chunks/node_modules_next_dist_1e8vcs8._.js:776
[ 4389437ms] [WARNING] GSAP target .pre-name not found. https://gsap.com @ http://localhost:3000/_next/static/chunks/node_modules_next_dist_1e8vcs8._.js:776
[ 4389437ms] [WARNING] Invalid scope @ http://localhost:3000/_next/static/chunks/node_modules_next_dist_1e8vcs8._.js:776
[ 4389438ms] [WARNING] GSAP target  not found. https://gsap.com @ http://localhost:3000/_next/static/chunks/node_modules_next_dist_1e8vcs8._.js:776
[ 4389439ms] [WARNING] Invalid scope @ http://localhost:3000/_next/static/chunks/node_modules_next_dist_1e8vcs8._.js:776
[ 4389439ms] [WARNING] GSAP target .pre-sub not found. https://gsap.com @ http://localhost:3000/_next/static/chunks/node_modules_next_dist_1e8vcs8._.js:776
[ 4389440ms] [WARNING] Invalid scope @ http://localhost:3000/_next/static/chunks/node_modules_next_dist_1e8vcs8._.js:776
[ 4389440ms] [WARNING] GSAP target  not found. https://gsap.com @ http://localhost:3000/_next/static/chunks/node_modules_next_dist_1e8vcs8._.js:776
[ 4389441ms] [WARNING] Invalid scope @ http://localhost:3000/_next/static/chunks/node_modules_next_dist_1e8vcs8._.js:776
[ 4389442ms] [WARNING] GSAP target .gavel-progress not found. https://gsap.com @ http://localhost:3000/_next/static/chunks/node_modules_next_dist_1e8vcs8._.js:776
[ 4389442ms] [WARNING] Invalid scope @ http://localhost:3000/_next/static/chunks/node_modules_next_dist_1e8vcs8._.js:776
[ 4389443ms] [WARNING] GSAP target  not found. https://gsap.com @ http://localhost:3000/_next/static/chunks/node_modules_next_dist_1e8vcs8._.js:776
[ 4389443ms] [WARNING] Invalid scope @ http://localhost:3000/_next/static/chunks/node_modules_next_dist_1e8vcs8._.js:776
[ 4389444ms] [WARNING] GSAP target .pre-counter not found. https://gsap.com @ http://localhost:3000/_next/static/chunks/node_modules_next_dist_1e8vcs8._.js:776
[ 4389445ms] [WARNING] Invalid scope @ http://localhost:3000/_next/static/chunks/node_modules_next_dist_1e8vcs8._.js:776
[ 4389445ms] [WARNING] GSAP target  not found. https://gsap.com @ http://localhost:3000/_next/static/chunks/node_modules_next_dist_1e8vcs8._.js:776
[ 4389446ms] [WARNING] Invalid scope @ http://localhost:3000/_next/static/chunks/node_modules_next_dist_1e8vcs8._.js:776
[ 4389447ms] [WARNING] GSAP target .pre-counter-text not found. https://gsap.com @ http://localhost:3000/_next/static/chunks/node_modules_next_dist_1e8vcs8._.js:776
[ 4389447ms] [WARNING] Invalid scope @ http://localhost:3000/_next/static/chunks/node_modules_next_dist_1e8vcs8._.js:776
[ 4389447ms] [WARNING] GSAP target .pre-loader not found. https://gsap.com @ http://localhost:3000/_next/static/chunks/node_modules_next_dist_1e8vcs8._.js:776
[ 4389448ms] [WARNING] Invalid scope @ http://localhost:3000/_next/static/chunks/node_modules_next_dist_1e8vcs8._.js:776
[ 4389448ms] [WARNING] GSAP target .pre-loader not found. https://gsap.com @ http://localhost:3000/_next/static/chunks/node_modules_next_dist_1e8vcs8._.js:776
[ 4389450ms] [WARNING] GSAP target  not found. https://gsap.com @ http://localhost:3000/_next/static/chunks/node_modules_next_dist_1e8vcs8._.js:776
[ 4389937ms] [WARNING] GSAP target  not found. https://gsap.com @ http://localhost:3000/_next/static/chunks/node_modules_next_dist_1e8vcs8._.js:776
[ 4390237ms] [WARNING] GSAP target  not found. https://gsap.com @ http://localhost:3000/_next/static/chunks/node_modules_next_dist_1e8vcs8._.js:776
[ 4390637ms] [WARNING] GSAP target  not found. https://gsap.com @ http://localhost:3000/_next/static/chunks/node_modules_next_dist_1e8vcs8._.js:776
[ 4410962ms] [LOG] [Fast Refresh] rebuilding @ http://localhost:3000/_next/static/chunks/node_modules_next_dist_1e8vcs8._.js:776
[ 4411007ms] [LOG] [Fast Refresh] done in 5ms @ http://localhost:3000/_next/static/chunks/node_modules_next_dist_1e8vcs8._.js:776
[ 4411068ms] [WARNING] Invalid scope @ http://localhost:3000/_next/static/chunks/node_modules_next_dist_1e8vcs8._.js:776
[ 4411068ms] [WARNING] GSAP target .pre-name not found. https://gsap.com @ http://localhost:3000/_next/static/chunks/node_modules_next_dist_1e8vcs8._.js:776
[ 4411069ms] [WARNING] Invalid scope @ http://localhost:3000/_next/static/chunks/node_modules_next_dist_1e8vcs8._.js:776
[ 4411070ms] [WARNING] GSAP target  not found. https://gsap.com @ http://localhost:3000/_next/static/chunks/node_modules_next_dist_1e8vcs8._.js:776
[ 4411070ms] [WARNING] Invalid scope @ http://localhost:3000/_next/static/chunks/node_modules_next_dist_1e8vcs8._.js:776
[ 4411071ms] [WARNING] GSAP target .pre-sub not found. https://gsap.com @ http://localhost:3000/_next/static/chunks/node_modules_next_dist_1e8vcs8._.js:776
[ 4411071ms] [WARNING] Invalid scope @ http://localhost:3000/_next/static/chunks/node_modules_next_dist_1e8vcs8._.js:776
[ 4411072ms] [WARNING] GSAP target  not found. https://gsap.com @ http://localhost:3000/_next/static/chunks/node_modules_next_dist_1e8vcs8._.js:776
[ 4411073ms] [WARNING] Invalid scope @ http://localhost:3000/_next/static/chunks/node_modules_next_dist_1e8vcs8._.js:776
[ 4411074ms] [WARNING] GSAP target .gavel-progress not found. https://gsap.com @ http://localhost:3000/_next/static/chunks/node_modules_next_dist_1e8vcs8._.js:776
[ 4411074ms] [WARNING] Invalid scope @ http://localhost:3000/_next/static/chunks/node_modules_next_dist_1e8vcs8._.js:776
[ 4411075ms] [WARNING] GSAP target  not found. https://gsap.com @ http://localhost:3000/_next/static/chunks/node_modules_next_dist_1e8vcs8._.js:776
[ 4411075ms] [WARNING] Invalid scope @ http://localhost:3000/_next/static/chunks/node_modules_next_dist_1e8vcs8._.js:776
[ 4411076ms] [WARNING] GSAP target .pre-counter not found. https://gsap.com @ http://localhost:3000/_next/static/chunks/node_modules_next_dist_1e8vcs8._.js:776
[ 4411076ms] [WARNING] Invalid scope @ http://localhost:3000/_next/static/chunks/node_modules_next_dist_1e8vcs8._.js:776
[ 4411076ms] [WARNING] GSAP target  not found. https://gsap.com @ http://localhost:3000/_next/static/chunks/node_modules_next_dist_1e8vcs8._.js:776
[ 4411077ms] [WARNING] Invalid scope @ http://localhost:3000/_next/static/chunks/node_modules_next_dist_1e8vcs8._.js:776
[ 4411077ms] [WARNING] GSAP target .pre-counter-text not found. https://gsap.com @ http://localhost:3000/_next/static/chunks/node_modules_next_dist_1e8vcs8._.js:776
[ 4411078ms] [WARNING] Invalid scope @ http://localhost:3000/_next/static/chunks/node_modules_next_dist_1e8vcs8._.js:776
[ 4411078ms] [WARNING] GSAP target .pre-loader not found. https://gsap.com @ http://localhost:3000/_next/static/chunks/node_modules_next_dist_1e8vcs8._.js:776
[ 4411078ms] [WARNING] Invalid scope @ http://localhost:3000/_next/static/chunks/node_modules_next_dist_1e8vcs8._.js:776
[ 4411079ms] [WARNING] GSAP target .pre-loader not found. https://gsap.com @ http://localhost:3000/_next/static/chunks/node_modules_next_dist_1e8vcs8._.js:776
[ 4411080ms] [WARNING] GSAP target  not found. https://gsap.com @ http://localhost:3000/_next/static/chunks/node_modules_next_dist_1e8vcs8._.js:776
[ 4411570ms] [WARNING] GSAP target  not found. https://gsap.com @ http://localhost:3000/_next/static/chunks/node_modules_next_dist_1e8vcs8._.js:776
[ 4411870ms] [WARNING] GSAP target  not found. https://gsap.com @ http://localhost:3000/_next/static/chunks/node_modules_next_dist_1e8vcs8._.js:776
[ 4412270ms] [WARNING] GSAP target  not found. https://gsap.com @ http://localhost:3000/_next/static/chunks/node_modules_next_dist_1e8vcs8._.js:776
[ 4435896ms] [LOG] [Fast Refresh] rebuilding @ http://localhost:3000/_next/static/chunks/node_modules_next_dist_1e8vcs8._.js:776
[ 4435950ms] [LOG] [Fast Refresh] done in 5ms @ http://localhost:3000/_next/static/chunks/node_modules_next_dist_1e8vcs8._.js:776
[ 4436009ms] [WARNING] Invalid scope @ http://localhost:3000/_next/static/chunks/node_modules_next_dist_1e8vcs8._.js:776
[ 4436010ms] [WARNING] GSAP target .pre-name not found. https://gsap.com @ http://localhost:3000/_next/static/chunks/node_modules_next_dist_1e8vcs8._.js:776
[ 4436010ms] [WARNING] Invalid scope @ http://localhost:3000/_next/static/chunks/node_modules_next_dist_1e8vcs8._.js:776
[ 4436010ms] [WARNING] GSAP target  not found. https://gsap.com @ http://localhost:3000/_next/static/chunks/node_modules_next_dist_1e8vcs8._.js:776
[ 4436011ms] [WARNING] Invalid scope @ http://localhost:3000/_next/static/chunks/node_modules_next_dist_1e8vcs8._.js:776
[ 4436011ms] [WARNING] GSAP target .pre-sub not found. https://gsap.com @ http://localhost:3000/_next/static/chunks/node_modules_next_dist_1e8vcs8._.js:776
[ 4436012ms] [WARNING] Invalid scope @ http://localhost:3000/_next/static/chunks/node_modules_next_dist_1e8vcs8._.js:776
[ 4436012ms] [WARNING] GSAP target  not found. https://gsap.com @ http://localhost:3000/_next/static/chunks/node_modules_next_dist_1e8vcs8._.js:776
[ 4436012ms] [WARNING] Invalid scope @ http://localhost:3000/_next/static/chunks/node_modules_next_dist_1e8vcs8._.js:776
[ 4436013ms] [WARNING] GSAP target .gavel-progress not found. https://gsap.com @ http://localhost:3000/_next/static/chunks/node_modules_next_dist_1e8vcs8._.js:776
[ 4436013ms] [WARNING] Invalid scope @ http://localhost:3000/_next/static/chunks/node_modules_next_dist_1e8vcs8._.js:776
[ 4436014ms] [WARNING] GSAP target  not found. https://gsap.com @ http://localhost:3000/_next/static/chunks/node_modules_next_dist_1e8vcs8._.js:776
[ 4436014ms] [WARNING] Invalid scope @ http://localhost:3000/_next/static/chunks/node_modules_next_dist_1e8vcs8._.js:776
[ 4436015ms] [WARNING] GSAP target .pre-counter not found. https://gsap.com @ http://localhost:3000/_next/static/chunks/node_modules_next_dist_1e8vcs8._.js:776
[ 4436015ms] [WARNING] Invalid scope @ http://localhost:3000/_next/static/chunks/node_modules_next_dist_1e8vcs8._.js:776
[ 4436015ms] [WARNING] GSAP target  not found. https://gsap.com @ http://localhost:3000/_next/static/chunks/node_modules_next_dist_1e8vcs8._.js:776
[ 4436016ms] [WARNING] Invalid scope @ http://localhost:3000/_next/static/chunks/node_modules_next_dist_1e8vcs8._.js:776
[ 4436016ms] [WARNING] GSAP target .pre-counter-text not found. https://gsap.com @ http://localhost:3000/_next/static/chunks/node_modules_next_dist_1e8vcs8._.js:776
[ 4436016ms] [WARNING] Invalid scope @ http://localhost:3000/_next/static/chunks/node_modules_next_dist_1e8vcs8._.js:776
[ 4436017ms] [WARNING] GSAP target .pre-loader not found. https://gsap.com @ http://localhost:3000/_next/static/chunks/node_modules_next_dist_1e8vcs8._.js:776
[ 4436017ms] [WARNING] Invalid scope @ http://localhost:3000/_next/static/chunks/node_modules_next_dist_1e8vcs8._.js:776
[ 4436017ms] [WARNING] GSAP target .pre-loader not found. https://gsap.com @ http://localhost:3000/_next/static/chunks/node_modules_next_dist_1e8vcs8._.js:776
[ 4436020ms] [WARNING] GSAP target  not found. https://gsap.com @ http://localhost:3000/_next/static/chunks/node_modules_next_dist_1e8vcs8._.js:776
[ 4436519ms] [WARNING] GSAP target  not found. https://gsap.com @ http://localhost:3000/_next/static/chunks/node_modules_next_dist_1e8vcs8._.js:776
[ 4436819ms] [WARNING] GSAP target  not found. https://gsap.com @ http://localhost:3000/_next/static/chunks/node_modules_next_dist_1e8vcs8._.js:776
[ 4437219ms] [WARNING] GSAP target  not found. https://gsap.com @ http://localhost:3000/_next/static/chunks/node_modules_next_dist_1e8vcs8._.js:776
[ 4471631ms] [LOG] [Fast Refresh] done in 5ms @ http://localhost:3000/_next/static/chunks/node_modules_next_dist_1e8vcs8._.js:776
[ 4471975ms] [LOG] [Fast Refresh] done in 5ms @ http://localhost:3000/_next/static/chunks/node_modules_next_dist_1e8vcs8._.js:776
[ 4472025ms] [LOG] [Fast Refresh] done in 5ms @ http://localhost:3000/_next/static/chunks/node_modules_next_dist_1e8vcs8._.js:776
[ 4472234ms] [LOG] [Fast Refresh] done in 5ms @ http://localhost:3000/_next/static/chunks/node_modules_next_dist_1e8vcs8._.js:776
[ 4473120ms] [LOG] [Fast Refresh] done in 5ms @ http://localhost:3000/_next/static/chunks/node_modules_next_dist_1e8vcs8._.js:776
[ 4473578ms] [LOG] [Fast Refresh] done in 5ms @ http://localhost:3000/_next/static/chunks/node_modules_next_dist_1e8vcs8._.js:776
[ 4476571ms] [LOG] [Fast Refresh] done in 5ms @ http://localhost:3000/_next/static/chunks/node_modules_next_dist_1e8vcs8._.js:776
[ 4477210ms] [LOG] [Fast Refresh] done in 5ms @ http://localhost:3000/_next/static/chunks/node_modules_next_dist_1e8vcs8._.js:776
[ 4477581ms] [LOG] [Fast Refresh] done in 5ms @ http://localhost:3000/_next/static/chunks/node_modules_next_dist_1e8vcs8._.js:776
[ 4478243ms] [LOG] [Fast Refresh] done in 5ms @ http://localhost:3000/_next/static/chunks/node_modules_next_dist_1e8vcs8._.js:776
[ 4535293ms] [LOG] [Fast Refresh] done in 5ms @ http://localhost:3000/_next/static/chunks/node_modules_next_dist_1e8vcs8._.js:776
[ 4535603ms] [LOG] [Fast Refresh] done in 5ms @ http://localhost:3000/_next/static/chunks/node_modules_next_dist_1e8vcs8._.js:776
[ 4745761ms] [LOG] [Fast Refresh] rebuilding @ http://localhost:3000/_next/static/chunks/node_modules_next_dist_1e8vcs8._.js:776
[ 4745818ms] [LOG] [Fast Refresh] done in 7ms @ http://localhost:3000/_next/static/chunks/node_modules_next_dist_1e8vcs8._.js:776
[ 4745932ms] [WARNING] Invalid scope @ http://localhost:3000/_next/static/chunks/node_modules_next_dist_1e8vcs8._.js:776
[ 4745932ms] [WARNING] GSAP target .pre-name not found. https://gsap.com @ http://localhost:3000/_next/static/chunks/node_modules_next_dist_1e8vcs8._.js:776
[ 4745933ms] [WARNING] Invalid scope @ http://localhost:3000/_next/static/chunks/node_modules_next_dist_1e8vcs8._.js:776
[ 4745934ms] [WARNING] GSAP target  not found. https://gsap.com @ http://localhost:3000/_next/static/chunks/node_modules_next_dist_1e8vcs8._.js:776
[ 4745934ms] [WARNING] Invalid scope @ http://localhost:3000/_next/static/chunks/node_modules_next_dist_1e8vcs8._.js:776
[ 4745935ms] [WARNING] GSAP target .pre-sub not found. https://gsap.com @ http://localhost:3000/_next/static/chunks/node_modules_next_dist_1e8vcs8._.js:776
[ 4745935ms] [WARNING] Invalid scope @ http://localhost:3000/_next/static/chunks/node_modules_next_dist_1e8vcs8._.js:776
[ 4745936ms] [WARNING] GSAP target  not found. https://gsap.com @ http://localhost:3000/_next/static/chunks/node_modules_next_dist_1e8vcs8._.js:776
[ 4745936ms] [WARNING] Invalid scope @ http://localhost:3000/_next/static/chunks/node_modules_next_dist_1e8vcs8._.js:776
[ 4745936ms] [WARNING] GSAP target .gavel-progress not found. https://gsap.com @ http://localhost:3000/_next/static/chunks/node_modules_next_dist_1e8vcs8._.js:776
[ 4745937ms] [WARNING] Invalid scope @ http://localhost:3000/_next/static/chunks/node_modules_next_dist_1e8vcs8._.js:776
[ 4745937ms] [WARNING] GSAP target  not found. https://gsap.com @ http://localhost:3000/_next/static/chunks/node_modules_next_dist_1e8vcs8._.js:776
[ 4745937ms] [WARNING] Invalid scope @ http://localhost:3000/_next/static/chunks/node_modules_next_dist_1e8vcs8._.js:776
[ 4745938ms] [WARNING] GSAP target .pre-counter not found. https://gsap.com @ http://localhost:3000/_next/static/chunks/node_modules_next_dist_1e8vcs8._.js:776
[ 4745938ms] [WARNING] Invalid scope @ http://localhost:3000/_next/static/chunks/node_modules_next_dist_1e8vcs8._.js:776
[ 4745939ms] [WARNING] GSAP target  not found. https://gsap.com @ http://localhost:3000/_next/static/chunks/node_modules_next_dist_1e8vcs8._.js:776
[ 4745939ms] [WARNING] Invalid scope @ http://localhost:3000/_next/static/chunks/node_modules_next_dist_1e8vcs8._.js:776
[ 4745939ms] [WARNING] GSAP target .pre-counter-text not found. https://gsap.com @ http://localhost:3000/_next/static/chunks/node_modules_next_dist_1e8vcs8._.js:776
[ 4745940ms] [WARNING] Invalid scope @ http://localhost:3000/_next/static/chunks/node_modules_next_dist_1e8vcs8._.js:776
[ 4745940ms] [WARNING] GSAP target .pre-loader not found. https://gsap.com @ http://localhost:3000/_next/static/chunks/node_modules_next_dist_1e8vcs8._.js:776
[ 4745940ms] [WARNING] Invalid scope @ http://localhost:3000/_next/static/chunks/node_modules_next_dist_1e8vcs8._.js:776
[ 4745941ms] [WARNING] GSAP target .pre-loader not found. https://gsap.com @ http://localhost:3000/_next/static/chunks/node_modules_next_dist_1e8vcs8._.js:776
[ 4745942ms] [WARNING] GSAP target  not found. https://gsap.com @ http://localhost:3000/_next/static/chunks/node_modules_next_dist_1e8vcs8._.js:776
[ 4746430ms] [WARNING] GSAP target  not found. https://gsap.com @ http://localhost:3000/_next/static/chunks/node_modules_next_dist_1e8vcs8._.js:776
[ 4746730ms] [WARNING] GSAP target  not found. https://gsap.com @ http://localhost:3000/_next/static/chunks/node_modules_next_dist_1e8vcs8._.js:776
[ 4747130ms] [WARNING] GSAP target  not found. https://gsap.com @ http://localhost:3000/_next/static/chunks/node_modules_next_dist_1e8vcs8._.js:776
[ 4756926ms] [LOG] [Fast Refresh] rebuilding @ http://localhost:3000/_next/static/chunks/node_modules_next_dist_1e8vcs8._.js:776
[ 4756988ms] [LOG] [Fast Refresh] done in 10ms @ http://localhost:3000/_next/static/chunks/node_modules_next_dist_1e8vcs8._.js:776
[ 4757051ms] [WARNING] Invalid scope @ http://localhost:3000/_next/static/chunks/node_modules_next_dist_1e8vcs8._.js:776
[ 4757051ms] [WARNING] GSAP target .pre-name not found. https://gsap.com @ http://localhost:3000/_next/static/chunks/node_modules_next_dist_1e8vcs8._.js:776
[ 4757052ms] [WARNING] Invalid scope @ http://localhost:3000/_next/static/chunks/node_modules_next_dist_1e8vcs8._.js:776
[ 4757052ms] [WARNING] GSAP target  not found. https://gsap.com @ http://localhost:3000/_next/static/chunks/node_modules_next_dist_1e8vcs8._.js:776
[ 4757053ms] [WARNING] Invalid scope @ http://localhost:3000/_next/static/chunks/node_modules_next_dist_1e8vcs8._.js:776
[ 4757053ms] [WARNING] GSAP target .pre-sub not found. https://gsap.com @ http://localhost:3000/_next/static/chunks/node_modules_next_dist_1e8vcs8._.js:776
[ 4757054ms] [WARNING] Invalid scope @ http://localhost:3000/_next/static/chunks/node_modules_next_dist_1e8vcs8._.js:776
[ 4757054ms] [WARNING] GSAP target  not found. https://gsap.com @ http://localhost:3000/_next/static/chunks/node_modules_next_dist_1e8vcs8._.js:776
[ 4757055ms] [WARNING] Invalid scope @ http://localhost:3000/_next/static/chunks/node_modules_next_dist_1e8vcs8._.js:776
[ 4757055ms] [WARNING] GSAP target .gavel-progress not found. https://gsap.com @ http://localhost:3000/_next/static/chunks/node_modules_next_dist_1e8vcs8._.js:776
[ 4757055ms] [WARNING] Invalid scope @ http://localhost:3000/_next/static/chunks/node_modules_next_dist_1e8vcs8._.js:776
[ 4757056ms] [WARNING] GSAP target  not found. https://gsap.com @ http://localhost:3000/_next/static/chunks/node_modules_next_dist_1e8vcs8._.js:776
[ 4757056ms] [WARNING] Invalid scope @ http://localhost:3000/_next/static/chunks/node_modules_next_dist_1e8vcs8._.js:776
[ 4757056ms] [WARNING] GSAP target .pre-counter not found. https://gsap.com @ http://localhost:3000/_next/static/chunks/node_modules_next_dist_1e8vcs8._.js:776
[ 4757057ms] [WARNING] Invalid scope @ http://localhost:3000/_next/static/chunks/node_modules_next_dist_1e8vcs8._.js:776
[ 4757057ms] [WARNING] GSAP target  not found. https://gsap.com @ http://localhost:3000/_next/static/chunks/node_modules_next_dist_1e8vcs8._.js:776
[ 4757057ms] [WARNING] Invalid scope @ http://localhost:3000/_next/static/chunks/node_modules_next_dist_1e8vcs8._.js:776
[ 4757058ms] [WARNING] GSAP target .pre-counter-text not found. https://gsap.com @ http://localhost:3000/_next/static/chunks/node_modules_next_dist_1e8vcs8._.js:776
[ 4757058ms] [WARNING] Invalid scope @ http://localhost:3000/_next/static/chunks/node_modules_next_dist_1e8vcs8._.js:776
[ 4757058ms] [WARNING] GSAP target .pre-loader not found. https://gsap.com @ http://localhost:3000/_next/static/chunks/node_modules_next_dist_1e8vcs8._.js:776
[ 4757059ms] [WARNING] Invalid scope @ http://localhost:3000/_next/static/chunks/node_modules_next_dist_1e8vcs8._.js:776
[ 4757059ms] [WARNING] GSAP target .pre-loader not found. https://gsap.com @ http://localhost:3000/_next/static/chunks/node_modules_next_dist_1e8vcs8._.js:776
[ 4757061ms] [WARNING] GSAP target  not found. https://gsap.com @ http://localhost:3000/_next/static/chunks/node_modules_next_dist_1e8vcs8._.js:776
[ 4757530ms] [WARNING] GSAP target  not found. https://gsap.com @ http://localhost:3000/_next/static/chunks/node_modules_next_dist_1e8vcs8._.js:776
[ 4757547ms] [WARNING] GSAP target  not found. https://gsap.com @ http://localhost:3000/_next/static/chunks/node_modules_next_dist_1e8vcs8._.js:776
[ 4757830ms] [WARNING] GSAP target  not found. https://gsap.com @ http://localhost:3000/_next/static/chunks/node_modules_next_dist_1e8vcs8._.js:776
[ 4757847ms] [WARNING] GSAP target  not found. https://gsap.com @ http://localhost:3000/_next/static/chunks/node_modules_next_dist_1e8vcs8._.js:776
[ 4758230ms] [WARNING] GSAP target  not found. https://gsap.com @ http://localhost:3000/_next/static/chunks/node_modules_next_dist_1e8vcs8._.js:776
[ 4758247ms] [WARNING] GSAP target  not found. https://gsap.com @ http://localhost:3000/_next/static/chunks/node_modules_next_dist_1e8vcs8._.js:776
[ 4848470ms] [LOG] [Fast Refresh] rebuilding @ http://localhost:3000/_next/static/chunks/node_modules_next_dist_1e8vcs8._.js:776
[ 4848520ms] [LOG] [Fast Refresh] done in 6ms @ http://localhost:3000/_next/static/chunks/node_modules_next_dist_1e8vcs8._.js:776
[ 4848581ms] [WARNING] Invalid scope @ http://localhost:3000/_next/static/chunks/node_modules_next_dist_1e8vcs8._.js:776
[ 4848581ms] [WARNING] GSAP target .pre-name not found. https://gsap.com @ http://localhost:3000/_next/static/chunks/node_modules_next_dist_1e8vcs8._.js:776
[ 4848582ms] [WARNING] Invalid scope @ http://localhost:3000/_next/static/chunks/node_modules_next_dist_1e8vcs8._.js:776
[ 4848582ms] [WARNING] GSAP target  not found. https://gsap.com @ http://localhost:3000/_next/static/chunks/node_modules_next_dist_1e8vcs8._.js:776
[ 4848583ms] [WARNING] Invalid scope @ http://localhost:3000/_next/static/chunks/node_modules_next_dist_1e8vcs8._.js:776
[ 4848583ms] [WARNING] GSAP target .pre-sub not found. https://gsap.com @ http://localhost:3000/_next/static/chunks/node_modules_next_dist_1e8vcs8._.js:776
[ 4848584ms] [WARNING] Invalid scope @ http://localhost:3000/_next/static/chunks/node_modules_next_dist_1e8vcs8._.js:776
[ 4848584ms] [WARNING] GSAP target  not found. https://gsap.com @ http://localhost:3000/_next/static/chunks/node_modules_next_dist_1e8vcs8._.js:776
[ 4848584ms] [WARNING] Invalid scope @ http://localhost:3000/_next/static/chunks/node_modules_next_dist_1e8vcs8._.js:776
[ 4848585ms] [WARNING] GSAP target .gavel-progress not found. https://gsap.com @ http://localhost:3000/_next/static/chunks/node_modules_next_dist_1e8vcs8._.js:776
[ 4848585ms] [WARNING] Invalid scope @ http://localhost:3000/_next/static/chunks/node_modules_next_dist_1e8vcs8._.js:776
[ 4848585ms] [WARNING] GSAP target  not found. https://gsap.com @ http://localhost:3000/_next/static/chunks/node_modules_next_dist_1e8vcs8._.js:776
[ 4848586ms] [WARNING] Invalid scope @ http://localhost:3000/_next/static/chunks/node_modules_next_dist_1e8vcs8._.js:776
[ 4848586ms] [WARNING] GSAP target .pre-counter not found. https://gsap.com @ http://localhost:3000/_next/static/chunks/node_modules_next_dist_1e8vcs8._.js:776
[ 4848587ms] [WARNING] Invalid scope @ http://localhost:3000/_next/static/chunks/node_modules_next_dist_1e8vcs8._.js:776
[ 4848587ms] [WARNING] GSAP target  not found. https://gsap.com @ http://localhost:3000/_next/static/chunks/node_modules_next_dist_1e8vcs8._.js:776
[ 4848587ms] [WARNING] Invalid scope @ http://localhost:3000/_next/static/chunks/node_modules_next_dist_1e8vcs8._.js:776
[ 4848588ms] [WARNING] GSAP target .pre-counter-text not found. https://gsap.com @ http://localhost:3000/_next/static/chunks/node_modules_next_dist_1e8vcs8._.js:776
[ 4848588ms] [WARNING] Invalid scope @ http://localhost:3000/_next/static/chunks/node_modules_next_dist_1e8vcs8._.js:776
[ 4848588ms] [WARNING] GSAP target .pre-loader not found. https://gsap.com @ http://localhost:3000/_next/static/chunks/node_modules_next_dist_1e8vcs8._.js:776
[ 4848589ms] [WARNING] Invalid scope @ http://localhost:3000/_next/static/chunks/node_modules_next_dist_1e8vcs8._.js:776
[ 4848589ms] [WARNING] GSAP target .pre-loader not found. https://gsap.com @ http://localhost:3000/_next/static/chunks/node_modules_next_dist_1e8vcs8._.js:776
[ 4848590ms] [WARNING] GSAP target  not found. https://gsap.com @ http://localhost:3000/_next/static/chunks/node_modules_next_dist_1e8vcs8._.js:776
[ 4849078ms] [WARNING] GSAP target  not found. https://gsap.com @ http://localhost:3000/_next/static/chunks/node_modules_next_dist_1e8vcs8._.js:776
[ 4849378ms] [WARNING] GSAP target  not found. https://gsap.com @ http://localhost:3000/_next/static/chunks/node_modules_next_dist_1e8vcs8._.js:776
[ 4849778ms] [WARNING] GSAP target  not found. https://gsap.com @ http://localhost:3000/_next/static/chunks/node_modules_next_dist_1e8vcs8._.js:776
[ 4863556ms] [LOG] [Fast Refresh] rebuilding @ http://localhost:3000/_next/static/chunks/node_modules_next_dist_1e8vcs8._.js:776
[ 4863606ms] [LOG] [Fast Refresh] done in 7ms @ http://localhost:3000/_next/static/chunks/node_modules_next_dist_1e8vcs8._.js:776
[ 4863669ms] [WARNING] Invalid scope @ http://localhost:3000/_next/static/chunks/node_modules_next_dist_1e8vcs8._.js:776
[ 4863669ms] [WARNING] GSAP target .pre-name not found. https://gsap.com @ http://localhost:3000/_next/static/chunks/node_modules_next_dist_1e8vcs8._.js:776
[ 4863669ms] [WARNING] Invalid scope @ http://localhost:3000/_next/static/chunks/node_modules_next_dist_1e8vcs8._.js:776
[ 4863670ms] [WARNING] GSAP target  not found. https://gsap.com @ http://localhost:3000/_next/static/chunks/node_modules_next_dist_1e8vcs8._.js:776
[ 4863670ms] [WARNING] Invalid scope @ http://localhost:3000/_next/static/chunks/node_modules_next_dist_1e8vcs8._.js:776
[ 4863670ms] [WARNING] GSAP target .pre-sub not found. https://gsap.com @ http://localhost:3000/_next/static/chunks/node_modules_next_dist_1e8vcs8._.js:776
[ 4863671ms] [WARNING] Invalid scope @ http://localhost:3000/_next/static/chunks/node_modules_next_dist_1e8vcs8._.js:776
[ 4863671ms] [WARNING] GSAP target  not found. https://gsap.com @ http://localhost:3000/_next/static/chunks/node_modules_next_dist_1e8vcs8._.js:776
[ 4863672ms] [WARNING] Invalid scope @ http://localhost:3000/_next/static/chunks/node_modules_next_dist_1e8vcs8._.js:776
[ 4863672ms] [WARNING] GSAP target .gavel-progress not found. https://gsap.com @ http://localhost:3000/_next/static/chunks/node_modules_next_dist_1e8vcs8._.js:776
[ 4863672ms] [WARNING] Invalid scope @ http://localhost:3000/_next/static/chunks/node_modules_next_dist_1e8vcs8._.js:776
[ 4863673ms] [WARNING] GSAP target  not found. https://gsap.com @ http://localhost:3000/_next/static/chunks/node_modules_next_dist_1e8vcs8._.js:776
[ 4863673ms] [WARNING] Invalid scope @ http://localhost:3000/_next/static/chunks/node_modules_next_dist_1e8vcs8._.js:776
[ 4863673ms] [WARNING] GSAP target .pre-counter not found. https://gsap.com @ http://localhost:3000/_next/static/chunks/node_modules_next_dist_1e8vcs8._.js:776
[ 4863674ms] [WARNING] Invalid scope @ http://localhost:3000/_next/static/chunks/node_modules_next_dist_1e8vcs8._.js:776
[ 4863674ms] [WARNING] GSAP target  not found. https://gsap.com @ http://localhost:3000/_next/static/chunks/node_modules_next_dist_1e8vcs8._.js:776
[ 4863674ms] [WARNING] Invalid scope @ http://localhost:3000/_next/static/chunks/node_modules_next_dist_1e8vcs8._.js:776
[ 4863675ms] [WARNING] GSAP target .pre-counter-text not found. https://gsap.com @ http://localhost:3000/_next/static/chunks/node_modules_next_dist_1e8vcs8._.js:776
[ 4863675ms] [WARNING] Invalid scope @ http://localhost:3000/_next/static/chunks/node_modules_next_dist_1e8vcs8._.js:776
[ 4863675ms] [WARNING] GSAP target .pre-loader not found. https://gsap.com @ http://localhost:3000/_next/static/chunks/node_modules_next_dist_1e8vcs8._.js:776
[ 4863676ms] [WARNING] Invalid scope @ http://localhost:3000/_next/static/chunks/node_modules_next_dist_1e8vcs8._.js:776
[ 4863676ms] [WARNING] GSAP target .pre-loader not found. https://gsap.com @ http://localhost:3000/_next/static/chunks/node_modules_next_dist_1e8vcs8._.js:776
[ 4863678ms] [WARNING] GSAP target  not found. https://gsap.com @ http://localhost:3000/_next/static/chunks/node_modules_next_dist_1e8vcs8._.js:776
[ 4864178ms] [WARNING] GSAP target  not found. https://gsap.com @ http://localhost:3000/_next/static/chunks/node_modules_next_dist_1e8vcs8._.js:776
[ 4864478ms] [WARNING] GSAP target  not found. https://gsap.com @ http://localhost:3000/_next/static/chunks/node_modules_next_dist_1e8vcs8._.js:776
[ 4864878ms] [WARNING] GSAP target  not found. https://gsap.com @ http://localhost:3000/_next/static/chunks/node_modules_next_dist_1e8vcs8._.js:776
[ 4880584ms] [LOG] [Fast Refresh] done in 7ms @ http://localhost:3000/_next/static/chunks/node_modules_next_dist_1e8vcs8._.js:776
[ 4880871ms] [LOG] [Fast Refresh] done in 7ms @ http://localhost:3000/_next/static/chunks/node_modules_next_dist_1e8vcs8._.js:776
[ 6084177ms] [LOG] [Fast Refresh] rebuilding @ http://localhost:3000/_next/static/chunks/node_modules_next_dist_1e8vcs8._.js:776
[ 6084382ms] [LOG] [Fast Refresh] done in 305ms @ http://localhost:3000/_next/static/chunks/node_modules_next_dist_1e8vcs8._.js:776
[ 6302734ms] [LOG] [Fast Refresh] rebuilding @ http://localhost:3000/_next/static/chunks/node_modules_next_dist_1e8vcs8._.js:776
[ 6302772ms] [LOG] [Fast Refresh] done in 10ms @ http://localhost:3000/_next/static/chunks/node_modules_next_dist_1e8vcs8._.js:776
[ 6302812ms] [LOG] [Fast Refresh] done in 10ms @ http://localhost:3000/_next/static/chunks/node_modules_next_dist_1e8vcs8._.js:776
[ 6302852ms] [WARNING] Invalid scope @ http://localhost:3000/_next/static/chunks/node_modules_next_dist_1e8vcs8._.js:776
[ 6302853ms] [WARNING] GSAP target .pre-name not found. https://gsap.com @ http://localhost:3000/_next/static/chunks/node_modules_next_dist_1e8vcs8._.js:776
[ 6302854ms] [WARNING] Invalid scope @ http://localhost:3000/_next/static/chunks/node_modules_next_dist_1e8vcs8._.js:776
[ 6302855ms] [WARNING] GSAP target  not found. https://gsap.com @ http://localhost:3000/_next/static/chunks/node_modules_next_dist_1e8vcs8._.js:776
[ 6302855ms] [WARNING] Invalid scope @ http://localhost:3000/_next/static/chunks/node_modules_next_dist_1e8vcs8._.js:776
[ 6302856ms] [WARNING] GSAP target .pre-sub not found. https://gsap.com @ http://localhost:3000/_next/static/chunks/node_modules_next_dist_1e8vcs8._.js:776
[ 6302856ms] [WARNING] Invalid scope @ http://localhost:3000/_next/static/chunks/node_modules_next_dist_1e8vcs8._.js:776
[ 6302857ms] [WARNING] GSAP target  not found. https://gsap.com @ http://localhost:3000/_next/static/chunks/node_modules_next_dist_1e8vcs8._.js:776
[ 6302857ms] [WARNING] Invalid scope @ http://localhost:3000/_next/static/chunks/node_modules_next_dist_1e8vcs8._.js:776
[ 6302858ms] [WARNING] GSAP target .gavel-progress not found. https://gsap.com @ http://localhost:3000/_next/static/chunks/node_modules_next_dist_1e8vcs8._.js:776
[ 6302858ms] [WARNING] Invalid scope @ http://localhost:3000/_next/static/chunks/node_modules_next_dist_1e8vcs8._.js:776
[ 6302859ms] [WARNING] GSAP target  not found. https://gsap.com @ http://localhost:3000/_next/static/chunks/node_modules_next_dist_1e8vcs8._.js:776
[ 6302859ms] [WARNING] Invalid scope @ http://localhost:3000/_next/static/chunks/node_modules_next_dist_1e8vcs8._.js:776
[ 6302860ms] [WARNING] GSAP target .pre-counter not found. https://gsap.com @ http://localhost:3000/_next/static/chunks/node_modules_next_dist_1e8vcs8._.js:776
[ 6302860ms] [WARNING] Invalid scope @ http://localhost:3000/_next/static/chunks/node_modules_next_dist_1e8vcs8._.js:776
[ 6302861ms] [WARNING] GSAP target  not found. https://gsap.com @ http://localhost:3000/_next/static/chunks/node_modules_next_dist_1e8vcs8._.js:776
[ 6302861ms] [WARNING] Invalid scope @ http://localhost:3000/_next/static/chunks/node_modules_next_dist_1e8vcs8._.js:776
[ 6302862ms] [WARNING] GSAP target .pre-counter-text not found. https://gsap.com @ http://localhost:3000/_next/static/chunks/node_modules_next_dist_1e8vcs8._.js:776
[ 6302862ms] [WARNING] Invalid scope @ http://localhost:3000/_next/static/chunks/node_modules_next_dist_1e8vcs8._.js:776
[ 6302863ms] [WARNING] GSAP target .pre-loader not found. https://gsap.com @ http://localhost:3000/_next/static/chunks/node_modules_next_dist_1e8vcs8._.js:776
[ 6302863ms] [WARNING] Invalid scope @ http://localhost:3000/_next/static/chunks/node_modules_next_dist_1e8vcs8._.js:776
[ 6302864ms] [WARNING] GSAP target .pre-loader not found. https://gsap.com @ http://localhost:3000/_next/static/chunks/node_modules_next_dist_1e8vcs8._.js:776
[ 6302865ms] [WARNING] GSAP target  not found. https://gsap.com @ http://localhost:3000/_next/static/chunks/node_modules_next_dist_1e8vcs8._.js:776
[ 6303351ms] [WARNING] GSAP target  not found. https://gsap.com @ http://localhost:3000/_next/static/chunks/node_modules_next_dist_1e8vcs8._.js:776
[ 6303651ms] [WARNING] GSAP target  not found. https://gsap.com @ http://localhost:3000/_next/static/chunks/node_modules_next_dist_1e8vcs8._.js:776
[ 6304051ms] [WARNING] GSAP target  not found. https://gsap.com @ http://localhost:3000/_next/static/chunks/node_modules_next_dist_1e8vcs8._.js:776
[ 6334441ms] [LOG] [Fast Refresh] rebuilding @ http://localhost:3000/_next/static/chunks/node_modules_next_dist_1e8vcs8._.js:776
[ 6334489ms] [LOG] [Fast Refresh] done in 5ms @ http://localhost:3000/_next/static/chunks/node_modules_next_dist_1e8vcs8._.js:776
[ 6334545ms] [WARNING] Invalid scope @ http://localhost:3000/_next/static/chunks/node_modules_next_dist_1e8vcs8._.js:776
[ 6334546ms] [WARNING] GSAP target .pre-name not found. https://gsap.com @ http://localhost:3000/_next/static/chunks/node_modules_next_dist_1e8vcs8._.js:776
[ 6334546ms] [WARNING] Invalid scope @ http://localhost:3000/_next/static/chunks/node_modules_next_dist_1e8vcs8._.js:776
[ 6334546ms] [WARNING] GSAP target  not found. https://gsap.com @ http://localhost:3000/_next/static/chunks/node_modules_next_dist_1e8vcs8._.js:776
[ 6334547ms] [WARNING] Invalid scope @ http://localhost:3000/_next/static/chunks/node_modules_next_dist_1e8vcs8._.js:776
[ 6334547ms] [WARNING] GSAP target .pre-sub not found. https://gsap.com @ http://localhost:3000/_next/static/chunks/node_modules_next_dist_1e8vcs8._.js:776
[ 6334548ms] [WARNING] Invalid scope @ http://localhost:3000/_next/static/chunks/node_modules_next_dist_1e8vcs8._.js:776
[ 6334548ms] [WARNING] GSAP target  not found. https://gsap.com @ http://localhost:3000/_next/static/chunks/node_modules_next_dist_1e8vcs8._.js:776
[ 6334548ms] [WARNING] Invalid scope @ http://localhost:3000/_next/static/chunks/node_modules_next_dist_1e8vcs8._.js:776
[ 6334549ms] [WARNING] GSAP target .gavel-progress not found. https://gsap.com @ http://localhost:3000/_next/static/chunks/node_modules_next_dist_1e8vcs8._.js:776
[ 6334549ms] [WARNING] Invalid scope @ http://localhost:3000/_next/static/chunks/node_modules_next_dist_1e8vcs8._.js:776
[ 6334550ms] [WARNING] GSAP target  not found. https://gsap.com @ http://localhost:3000/_next/static/chunks/node_modules_next_dist_1e8vcs8._.js:776
[ 6334550ms] [WARNING] Invalid scope @ http://localhost:3000/_next/static/chunks/node_modules_next_dist_1e8vcs8._.js:776
[ 6334551ms] [WARNING] GSAP target .pre-counter not found. https://gsap.com @ http://localhost:3000/_next/static/chunks/node_modules_next_dist_1e8vcs8._.js:776
[ 6334551ms] [WARNING] Invalid scope @ http://localhost:3000/_next/static/chunks/node_modules_next_dist_1e8vcs8._.js:776
[ 6334552ms] [WARNING] GSAP target  not found. https://gsap.com @ http://localhost:3000/_next/static/chunks/node_modules_next_dist_1e8vcs8._.js:776
[ 6334552ms] [WARNING] Invalid scope @ http://localhost:3000/_next/static/chunks/node_modules_next_dist_1e8vcs8._.js:776
[ 6334553ms] [WARNING] GSAP target .pre-counter-text not found. https://gsap.com @ http://localhost:3000/_next/static/chunks/node_modules_next_dist_1e8vcs8._.js:776
[ 6334553ms] [WARNING] Invalid scope @ http://localhost:3000/_next/static/chunks/node_modules_next_dist_1e8vcs8._.js:776
[ 6334554ms] [WARNING] GSAP target .pre-loader not found. https://gsap.com @ http://localhost:3000/_next/static/chunks/node_modules_next_dist_1e8vcs8._.js:776
[ 6334554ms] [WARNING] Invalid scope @ http://localhost:3000/_next/static/chunks/node_modules_next_dist_1e8vcs8._.js:776
[ 6334555ms] [WARNING] GSAP target .pre-loader not found. https://gsap.com @ http://localhost:3000/_next/static/chunks/node_modules_next_dist_1e8vcs8._.js:776
[ 6334556ms] [WARNING] GSAP target  not found. https://gsap.com @ http://localhost:3000/_next/static/chunks/node_modules_next_dist_1e8vcs8._.js:776
[ 6335051ms] [WARNING] GSAP target  not found. https://gsap.com @ http://localhost:3000/_next/static/chunks/node_modules_next_dist_1e8vcs8._.js:776
[ 6335351ms] [WARNING] GSAP target  not found. https://gsap.com @ http://localhost:3000/_next/static/chunks/node_modules_next_dist_1e8vcs8._.js:776
[ 6335751ms] [WARNING] GSAP target  not found. https://gsap.com @ http://localhost:3000/_next/static/chunks/node_modules_next_dist_1e8vcs8._.js:776
[ 6347344ms] [LOG] [Fast Refresh] rebuilding @ http://localhost:3000/_next/static/chunks/node_modules_next_dist_1e8vcs8._.js:776
[ 6347500ms] [WARNING] Invalid scope @ http://localhost:3000/_next/static/chunks/node_modules_next_dist_1e8vcs8._.js:776
[ 6347501ms] [WARNING] GSAP target .pre-name not found. https://gsap.com @ http://localhost:3000/_next/static/chunks/node_modules_next_dist_1e8vcs8._.js:776
[ 6347501ms] [WARNING] Invalid scope @ http://localhost:3000/_next/static/chunks/node_modules_next_dist_1e8vcs8._.js:776
[ 6347502ms] [WARNING] GSAP target  not found. https://gsap.com @ http://localhost:3000/_next/static/chunks/node_modules_next_dist_1e8vcs8._.js:776
[ 6347503ms] [WARNING] Invalid scope @ http://localhost:3000/_next/static/chunks/node_modules_next_dist_1e8vcs8._.js:776
[ 6347503ms] [WARNING] GSAP target .pre-sub not found. https://gsap.com @ http://localhost:3000/_next/static/chunks/node_modules_next_dist_1e8vcs8._.js:776
[ 6347505ms] [WARNING] Invalid scope @ http://localhost:3000/_next/static/chunks/node_modules_next_dist_1e8vcs8._.js:776
[ 6347506ms] [WARNING] GSAP target  not found. https://gsap.com @ http://localhost:3000/_next/static/chunks/node_modules_next_dist_1e8vcs8._.js:776
[ 6347507ms] [WARNING] Invalid scope @ http://localhost:3000/_next/static/chunks/node_modules_next_dist_1e8vcs8._.js:776
[ 6347508ms] [WARNING] GSAP target .gavel-progress not found. https://gsap.com @ http://localhost:3000/_next/static/chunks/node_modules_next_dist_1e8vcs8._.js:776
[ 6347508ms] [WARNING] Invalid scope @ http://localhost:3000/_next/static/chunks/node_modules_next_dist_1e8vcs8._.js:776
[ 6347509ms] [WARNING] GSAP target  not found. https://gsap.com @ http://localhost:3000/_next/static/chunks/node_modules_next_dist_1e8vcs8._.js:776
[ 6347510ms] [WARNING] Invalid scope @ http://localhost:3000/_next/static/chunks/node_modules_next_dist_1e8vcs8._.js:776
[ 6347510ms] [WARNING] GSAP target .pre-counter not found. https://gsap.com @ http://localhost:3000/_next/static/chunks/node_modules_next_dist_1e8vcs8._.js:776
[ 6347511ms] [WARNING] Invalid scope @ http://localhost:3000/_next/static/chunks/node_modules_next_dist_1e8vcs8._.js:776
[ 6347512ms] [WARNING] GSAP target  not found. https://gsap.com @ http://localhost:3000/_next/static/chunks/node_modules_next_dist_1e8vcs8._.js:776
[ 6347512ms] [WARNING] Invalid scope @ http://localhost:3000/_next/static/chunks/node_modules_next_dist_1e8vcs8._.js:776
[ 6347513ms] [WARNING] GSAP target .pre-counter-text not found. https://gsap.com @ http://localhost:3000/_next/static/chunks/node_modules_next_dist_1e8vcs8._.js:776
[ 6347514ms] [WARNING] Invalid scope @ http://localhost:3000/_next/static/chunks/node_modules_next_dist_1e8vcs8._.js:776
[ 6347515ms] [WARNING] GSAP target .pre-loader not found. https://gsap.com @ http://localhost:3000/_next/static/chunks/node_modules_next_dist_1e8vcs8._.js:776
[ 6347515ms] [WARNING] Invalid scope @ http://localhost:3000/_next/static/chunks/node_modules_next_dist_1e8vcs8._.js:776
[ 6347516ms] [WARNING] GSAP target .pre-loader not found. https://gsap.com @ http://localhost:3000/_next/static/chunks/node_modules_next_dist_1e8vcs8._.js:776
[ 6347523ms] [WARNING] GSAP target  not found. https://gsap.com @ http://localhost:3000/_next/static/chunks/node_modules_next_dist_1e8vcs8._.js:776
[ 6347737ms] [LOG] [Fast Refresh] done in 7ms @ http://localhost:3000/_next/static/chunks/node_modules_next_dist_1e8vcs8._.js:776
[ 6348001ms] [WARNING] GSAP target  not found. https://gsap.com @ http://localhost:3000/_next/static/chunks/node_modules_next_dist_1e8vcs8._.js:776
[ 6348300ms] [WARNING] GSAP target  not found. https://gsap.com @ http://localhost:3000/_next/static/chunks/node_modules_next_dist_1e8vcs8._.js:776
[ 6348701ms] [WARNING] GSAP target  not found. https://gsap.com @ http://localhost:3000/_next/static/chunks/node_modules_next_dist_1e8vcs8._.js:776
[ 6525938ms] [LOG] [Fast Refresh] rebuilding @ http://localhost:3000/_next/static/chunks/node_modules_next_dist_1e8vcs8._.js:776
[ 6525976ms] [LOG] [Fast Refresh] done in 6ms @ http://localhost:3000/_next/static/chunks/node_modules_next_dist_1e8vcs8._.js:776
[ 6526026ms] [WARNING] Invalid scope @ http://localhost:3000/_next/static/chunks/node_modules_next_dist_1e8vcs8._.js:776
[ 6526027ms] [WARNING] GSAP target .pre-name not found. https://gsap.com @ http://localhost:3000/_next/static/chunks/node_modules_next_dist_1e8vcs8._.js:776
[ 6526027ms] [WARNING] Invalid scope @ http://localhost:3000/_next/static/chunks/node_modules_next_dist_1e8vcs8._.js:776
[ 6526028ms] [WARNING] GSAP target  not found. https://gsap.com @ http://localhost:3000/_next/static/chunks/node_modules_next_dist_1e8vcs8._.js:776
[ 6526029ms] [WARNING] Invalid scope @ http://localhost:3000/_next/static/chunks/node_modules_next_dist_1e8vcs8._.js:776
[ 6526029ms] [WARNING] GSAP target .pre-sub not found. https://gsap.com @ http://localhost:3000/_next/static/chunks/node_modules_next_dist_1e8vcs8._.js:776
[ 6526030ms] [WARNING] Invalid scope @ http://localhost:3000/_next/static/chunks/node_modules_next_dist_1e8vcs8._.js:776
[ 6526031ms] [WARNING] GSAP target  not found. https://gsap.com @ http://localhost:3000/_next/static/chunks/node_modules_next_dist_1e8vcs8._.js:776
[ 6526032ms] [WARNING] Invalid scope @ http://localhost:3000/_next/static/chunks/node_modules_next_dist_1e8vcs8._.js:776
[ 6526032ms] [WARNING] GSAP target .gavel-progress not found. https://gsap.com @ http://localhost:3000/_next/static/chunks/node_modules_next_dist_1e8vcs8._.js:776
[ 6526033ms] [WARNING] Invalid scope @ http://localhost:3000/_next/static/chunks/node_modules_next_dist_1e8vcs8._.js:776
[ 6526034ms] [WARNING] GSAP target  not found. https://gsap.com @ http://localhost:3000/_next/static/chunks/node_modules_next_dist_1e8vcs8._.js:776
[ 6526035ms] [WARNING] Invalid scope @ http://localhost:3000/_next/static/chunks/node_modules_next_dist_1e8vcs8._.js:776
[ 6526035ms] [WARNING] GSAP target .pre-counter not found. https://gsap.com @ http://localhost:3000/_next/static/chunks/node_modules_next_dist_1e8vcs8._.js:776
[ 6526036ms] [WARNING] Invalid scope @ http://localhost:3000/_next/static/chunks/node_modules_next_dist_1e8vcs8._.js:776
[ 6526036ms] [WARNING] GSAP target  not found. https://gsap.com @ http://localhost:3000/_next/static/chunks/node_modules_next_dist_1e8vcs8._.js:776
[ 6526037ms] [WARNING] Invalid scope @ http://localhost:3000/_next/static/chunks/node_modules_next_dist_1e8vcs8._.js:776
[ 6526038ms] [WARNING] GSAP target .pre-counter-text not found. https://gsap.com @ http://localhost:3000/_next/static/chunks/node_modules_next_dist_1e8vcs8._.js:776
[ 6526038ms] [WARNING] Invalid scope @ http://localhost:3000/_next/static/chunks/node_modules_next_dist_1e8vcs8._.js:776
[ 6526039ms] [WARNING] GSAP target .pre-loader not found. https://gsap.com @ http://localhost:3000/_next/static/chunks/node_modules_next_dist_1e8vcs8._.js:776
[ 6526039ms] [WARNING] Invalid scope @ http://localhost:3000/_next/static/chunks/node_modules_next_dist_1e8vcs8._.js:776
[ 6526040ms] [WARNING] GSAP target .pre-loader not found. https://gsap.com @ http://localhost:3000/_next/static/chunks/node_modules_next_dist_1e8vcs8._.js:776
[ 6526042ms] [WARNING] GSAP target  not found. https://gsap.com @ http://localhost:3000/_next/static/chunks/node_modules_next_dist_1e8vcs8._.js:776
[ 6526531ms] [WARNING] GSAP target  not found. https://gsap.com @ http://localhost:3000/_next/static/chunks/node_modules_next_dist_1e8vcs8._.js:776
[ 6526831ms] [WARNING] GSAP target  not found. https://gsap.com @ http://localhost:3000/_next/static/chunks/node_modules_next_dist_1e8vcs8._.js:776
[ 6527231ms] [WARNING] GSAP target  not found. https://gsap.com @ http://localhost:3000/_next/static/chunks/node_modules_next_dist_1e8vcs8._.js:776
[ 6536643ms] [LOG] [Fast Refresh] rebuilding @ http://localhost:3000/_next/static/chunks/node_modules_next_dist_1e8vcs8._.js:776
[ 6536711ms] [LOG] [Fast Refresh] done in 6ms @ http://localhost:3000/_next/static/chunks/node_modules_next_dist_1e8vcs8._.js:776
[ 6536746ms] [WARNING] Invalid scope @ http://localhost:3000/_next/static/chunks/node_modules_next_dist_1e8vcs8._.js:776
[ 6536746ms] [WARNING] GSAP target .pre-name not found. https://gsap.com @ http://localhost:3000/_next/static/chunks/node_modules_next_dist_1e8vcs8._.js:776
[ 6536747ms] [WARNING] Invalid scope @ http://localhost:3000/_next/static/chunks/node_modules_next_dist_1e8vcs8._.js:776
[ 6536748ms] [WARNING] GSAP target  not found. https://gsap.com @ http://localhost:3000/_next/static/chunks/node_modules_next_dist_1e8vcs8._.js:776
[ 6536748ms] [WARNING] Invalid scope @ http://localhost:3000/_next/static/chunks/node_modules_next_dist_1e8vcs8._.js:776
[ 6536749ms] [WARNING] GSAP target .pre-sub not found. https://gsap.com @ http://localhost:3000/_next/static/chunks/node_modules_next_dist_1e8vcs8._.js:776
[ 6536749ms] [WARNING] Invalid scope @ http://localhost:3000/_next/static/chunks/node_modules_next_dist_1e8vcs8._.js:776
[ 6536750ms] [WARNING] GSAP target  not found. https://gsap.com @ http://localhost:3000/_next/static/chunks/node_modules_next_dist_1e8vcs8._.js:776
[ 6536750ms] [WARNING] Invalid scope @ http://localhost:3000/_next/static/chunks/node_modules_next_dist_1e8vcs8._.js:776
[ 6536751ms] [WARNING] GSAP target .gavel-progress not found. https://gsap.com @ http://localhost:3000/_next/static/chunks/node_modules_next_dist_1e8vcs8._.js:776
[ 6536751ms] [WARNING] Invalid scope @ http://localhost:3000/_next/static/chunks/node_modules_next_dist_1e8vcs8._.js:776
[ 6536752ms] [WARNING] GSAP target  not found. https://gsap.com @ http://localhost:3000/_next/static/chunks/node_modules_next_dist_1e8vcs8._.js:776
[ 6536752ms] [WARNING] Invalid scope @ http://localhost:3000/_next/static/chunks/node_modules_next_dist_1e8vcs8._.js:776
[ 6536753ms] [WARNING] GSAP target .pre-counter not found. https://gsap.com @ http://localhost:3000/_next/static/chunks/node_modules_next_dist_1e8vcs8._.js:776
[ 6536753ms] [WARNING] Invalid scope @ http://localhost:3000/_next/static/chunks/node_modules_next_dist_1e8vcs8._.js:776
[ 6536754ms] [WARNING] GSAP target  not found. https://gsap.com @ http://localhost:3000/_next/static/chunks/node_modules_next_dist_1e8vcs8._.js:776
[ 6536754ms] [WARNING] Invalid scope @ http://localhost:3000/_next/static/chunks/node_modules_next_dist_1e8vcs8._.js:776
[ 6536755ms] [WARNING] GSAP target .pre-counter-text not found. https://gsap.com @ http://localhost:3000/_next/static/chunks/node_modules_next_dist_1e8vcs8._.js:776
[ 6536755ms] [WARNING] Invalid scope @ http://localhost:3000/_next/static/chunks/node_modules_next_dist_1e8vcs8._.js:776
[ 6536756ms] [WARNING] GSAP target .pre-loader not found. https://gsap.com @ http://localhost:3000/_next/static/chunks/node_modules_next_dist_1e8vcs8._.js:776
[ 6536756ms] [WARNING] Invalid scope @ http://localhost:3000/_next/static/chunks/node_modules_next_dist_1e8vcs8._.js:776
[ 6536757ms] [WARNING] GSAP target .pre-loader not found. https://gsap.com @ http://localhost:3000/_next/static/chunks/node_modules_next_dist_1e8vcs8._.js:776
[ 6536759ms] [WARNING] GSAP target  not found. https://gsap.com @ http://localhost:3000/_next/static/chunks/node_modules_next_dist_1e8vcs8._.js:776
[ 6537247ms] [WARNING] GSAP target  not found. https://gsap.com @ http://localhost:3000/_next/static/chunks/node_modules_next_dist_1e8vcs8._.js:776
[ 6537547ms] [WARNING] GSAP target  not found. https://gsap.com @ http://localhost:3000/_next/static/chunks/node_modules_next_dist_1e8vcs8._.js:776
[ 6537947ms] [WARNING] GSAP target  not found. https://gsap.com @ http://localhost:3000/_next/static/chunks/node_modules_next_dist_1e8vcs8._.js:776
[ 6557602ms] [LOG] [Fast Refresh] rebuilding @ http://localhost:3000/_next/static/chunks/node_modules_next_dist_1e8vcs8._.js:776
[ 6557680ms] [LOG] [Fast Refresh] done in 6ms @ http://localhost:3000/_next/static/chunks/node_modules_next_dist_1e8vcs8._.js:776
[ 6557716ms] [WARNING] Invalid scope @ http://localhost:3000/_next/static/chunks/node_modules_next_dist_1e8vcs8._.js:776
[ 6557716ms] [WARNING] GSAP target .pre-name not found. https://gsap.com @ http://localhost:3000/_next/static/chunks/node_modules_next_dist_1e8vcs8._.js:776
[ 6557717ms] [WARNING] Invalid scope @ http://localhost:3000/_next/static/chunks/node_modules_next_dist_1e8vcs8._.js:776
[ 6557717ms] [WARNING] GSAP target  not found. https://gsap.com @ http://localhost:3000/_next/static/chunks/node_modules_next_dist_1e8vcs8._.js:776
[ 6557717ms] [WARNING] Invalid scope @ http://localhost:3000/_next/static/chunks/node_modules_next_dist_1e8vcs8._.js:776
[ 6557718ms] [WARNING] GSAP target .pre-sub not found. https://gsap.com @ http://localhost:3000/_next/static/chunks/node_modules_next_dist_1e8vcs8._.js:776
[ 6557718ms] [WARNING] Invalid scope @ http://localhost:3000/_next/static/chunks/node_modules_next_dist_1e8vcs8._.js:776
[ 6557719ms] [WARNING] GSAP target  not found. https://gsap.com @ http://localhost:3000/_next/static/chunks/node_modules_next_dist_1e8vcs8._.js:776
[ 6557719ms] [WARNING] Invalid scope @ http://localhost:3000/_next/static/chunks/node_modules_next_dist_1e8vcs8._.js:776
[ 6557719ms] [WARNING] GSAP target .gavel-progress not found. https://gsap.com @ http://localhost:3000/_next/static/chunks/node_modules_next_dist_1e8vcs8._.js:776
[ 6557720ms] [WARNING] Invalid scope @ http://localhost:3000/_next/static/chunks/node_modules_next_dist_1e8vcs8._.js:776
[ 6557720ms] [WARNING] GSAP target  not found. https://gsap.com @ http://localhost:3000/_next/static/chunks/node_modules_next_dist_1e8vcs8._.js:776
[ 6557721ms] [WARNING] Invalid scope @ http://localhost:3000/_next/static/chunks/node_modules_next_dist_1e8vcs8._.js:776
[ 6557721ms] [WARNING] GSAP target .pre-counter not found. https://gsap.com @ http://localhost:3000/_next/static/chunks/node_modules_next_dist_1e8vcs8._.js:776
[ 6557721ms] [WARNING] Invalid scope @ http://localhost:3000/_next/static/chunks/node_modules_next_dist_1e8vcs8._.js:776
[ 6557722ms] [WARNING] GSAP target  not found. https://gsap.com @ http://localhost:3000/_next/static/chunks/node_modules_next_dist_1e8vcs8._.js:776
[ 6557722ms] [WARNING] Invalid scope @ http://localhost:3000/_next/static/chunks/node_modules_next_dist_1e8vcs8._.js:776
[ 6557722ms] [WARNING] GSAP target .pre-counter-text not found. https://gsap.com @ http://localhost:3000/_next/static/chunks/node_modules_next_dist_1e8vcs8._.js:776
[ 6557723ms] [WARNING] Invalid scope @ http://localhost:3000/_next/static/chunks/node_modules_next_dist_1e8vcs8._.js:776
[ 6557723ms] [WARNING] GSAP target .pre-loader not found. https://gsap.com @ http://localhost:3000/_next/static/chunks/node_modules_next_dist_1e8vcs8._.js:776
[ 6557724ms] [WARNING] Invalid scope @ http://localhost:3000/_next/static/chunks/node_modules_next_dist_1e8vcs8._.js:776
[ 6557724ms] [WARNING] GSAP target .pre-loader not found. https://gsap.com @ http://localhost:3000/_next/static/chunks/node_modules_next_dist_1e8vcs8._.js:776
[ 6557725ms] [WARNING] GSAP target  not found. https://gsap.com @ http://localhost:3000/_next/static/chunks/node_modules_next_dist_1e8vcs8._.js:776
[ 6558213ms] [WARNING] GSAP target  not found. https://gsap.com @ http://localhost:3000/_next/static/chunks/node_modules_next_dist_1e8vcs8._.js:776
[ 6558513ms] [WARNING] GSAP target  not found. https://gsap.com @ http://localhost:3000/_next/static/chunks/node_modules_next_dist_1e8vcs8._.js:776
[ 6558913ms] [WARNING] GSAP target  not found. https://gsap.com @ http://localhost:3000/_next/static/chunks/node_modules_next_dist_1e8vcs8._.js:776
[ 6573416ms] [LOG] [Fast Refresh] rebuilding @ http://localhost:3000/_next/static/chunks/node_modules_next_dist_1e8vcs8._.js:776
[ 6573487ms] [LOG] [Fast Refresh] done in 15ms @ http://localhost:3000/_next/static/chunks/node_modules_next_dist_1e8vcs8._.js:776
[ 6573508ms] [WARNING] Invalid scope @ http://localhost:3000/_next/static/chunks/node_modules_next_dist_1e8vcs8._.js:776
[ 6573508ms] [WARNING] GSAP target .pre-name not found. https://gsap.com @ http://localhost:3000/_next/static/chunks/node_modules_next_dist_1e8vcs8._.js:776
[ 6573508ms] [WARNING] Invalid scope @ http://localhost:3000/_next/static/chunks/node_modules_next_dist_1e8vcs8._.js:776
[ 6573509ms] [WARNING] GSAP target  not found. https://gsap.com @ http://localhost:3000/_next/static/chunks/node_modules_next_dist_1e8vcs8._.js:776
[ 6573509ms] [WARNING] Invalid scope @ http://localhost:3000/_next/static/chunks/node_modules_next_dist_1e8vcs8._.js:776
[ 6573510ms] [WARNING] GSAP target .pre-sub not found. https://gsap.com @ http://localhost:3000/_next/static/chunks/node_modules_next_dist_1e8vcs8._.js:776
[ 6573510ms] [WARNING] Invalid scope @ http://localhost:3000/_next/static/chunks/node_modules_next_dist_1e8vcs8._.js:776
[ 6573510ms] [WARNING] GSAP target  not found. https://gsap.com @ http://localhost:3000/_next/static/chunks/node_modules_next_dist_1e8vcs8._.js:776
[ 6573511ms] [WARNING] Invalid scope @ http://localhost:3000/_next/static/chunks/node_modules_next_dist_1e8vcs8._.js:776
[ 6573511ms] [WARNING] GSAP target .gavel-progress not found. https://gsap.com @ http://localhost:3000/_next/static/chunks/node_modules_next_dist_1e8vcs8._.js:776
[ 6573511ms] [WARNING] Invalid scope @ http://localhost:3000/_next/static/chunks/node_modules_next_dist_1e8vcs8._.js:776
[ 6573512ms] [WARNING] GSAP target  not found. https://gsap.com @ http://localhost:3000/_next/static/chunks/node_modules_next_dist_1e8vcs8._.js:776
[ 6573512ms] [WARNING] Invalid scope @ http://localhost:3000/_next/static/chunks/node_modules_next_dist_1e8vcs8._.js:776
[ 6573513ms] [WARNING] GSAP target .pre-counter not found. https://gsap.com @ http://localhost:3000/_next/static/chunks/node_modules_next_dist_1e8vcs8._.js:776
[ 6573513ms] [WARNING] Invalid scope @ http://localhost:3000/_next/static/chunks/node_modules_next_dist_1e8vcs8._.js:776
[ 6573514ms] [WARNING] GSAP target  not found. https://gsap.com @ http://localhost:3000/_next/static/chunks/node_modules_next_dist_1e8vcs8._.js:776
[ 6573514ms] [WARNING] Invalid scope @ http://localhost:3000/_next/static/chunks/node_modules_next_dist_1e8vcs8._.js:776
[ 6573514ms] [WARNING] GSAP target .pre-counter-text not found. https://gsap.com @ http://localhost:3000/_next/static/chunks/node_modules_next_dist_1e8vcs8._.js:776
[ 6573515ms] [WARNING] Invalid scope @ http://localhost:3000/_next/static/chunks/node_modules_next_dist_1e8vcs8._.js:776
[ 6573515ms] [WARNING] GSAP target .pre-loader not found. https://gsap.com @ http://localhost:3000/_next/static/chunks/node_modules_next_dist_1e8vcs8._.js:776
[ 6573516ms] [WARNING] Invalid scope @ http://localhost:3000/_next/static/chunks/node_modules_next_dist_1e8vcs8._.js:776
[ 6573516ms] [WARNING] GSAP target .pre-loader not found. https://gsap.com @ http://localhost:3000/_next/static/chunks/node_modules_next_dist_1e8vcs8._.js:776
[ 6573517ms] [WARNING] GSAP target  not found. https://gsap.com @ http://localhost:3000/_next/static/chunks/node_modules_next_dist_1e8vcs8._.js:776
[ 6573729ms] [LOG] [Fast Refresh] rebuilding @ http://localhost:3000/_next/static/chunks/node_modules_next_dist_1e8vcs8._.js:776
[ 6573821ms] [LOG] [Fast Refresh] done in 194ms @ http://localhost:3000/_next/static/chunks/node_modules_next_dist_1e8vcs8._.js:776
[ 6573997ms] [WARNING] GSAP target  not found. https://gsap.com @ http://localhost:3000/_next/static/chunks/node_modules_next_dist_1e8vcs8._.js:776
[ 6574013ms] [WARNING] GSAP target  not found. https://gsap.com @ http://localhost:3000/_next/static/chunks/node_modules_next_dist_1e8vcs8._.js:776
[ 6574297ms] [WARNING] GSAP target  not found. https://gsap.com @ http://localhost:3000/_next/static/chunks/node_modules_next_dist_1e8vcs8._.js:776
[ 6574313ms] [WARNING] GSAP target  not found. https://gsap.com @ http://localhost:3000/_next/static/chunks/node_modules_next_dist_1e8vcs8._.js:776
[ 6574713ms] [WARNING] GSAP target  not found. https://gsap.com @ http://localhost:3000/_next/static/chunks/node_modules_next_dist_1e8vcs8._.js:776
[ 6659935ms] [LOG] [Fast Refresh] rebuilding @ http://localhost:3000/_next/static/chunks/node_modules_next_dist_1e8vcs8._.js:776
[ 6659973ms] [LOG] [Fast Refresh] done in 139ms @ http://localhost:3000/_next/static/chunks/node_modules_next_dist_1e8vcs8._.js:776
[ 7018459ms] [LOG] [Fast Refresh] rebuilding @ http://localhost:3000/_next/static/chunks/node_modules_next_dist_1e8vcs8._.js:776
[ 7018513ms] [LOG] [Fast Refresh] done in 10ms @ http://localhost:3000/_next/static/chunks/node_modules_next_dist_1e8vcs8._.js:776
[ 7018668ms] [WARNING] Invalid scope @ http://localhost:3000/_next/static/chunks/node_modules_next_dist_1e8vcs8._.js:776
[ 7018669ms] [WARNING] GSAP target .pre-name not found. https://gsap.com @ http://localhost:3000/_next/static/chunks/node_modules_next_dist_1e8vcs8._.js:776
[ 7018669ms] [WARNING] Invalid scope @ http://localhost:3000/_next/static/chunks/node_modules_next_dist_1e8vcs8._.js:776
[ 7018670ms] [WARNING] GSAP target  not found. https://gsap.com @ http://localhost:3000/_next/static/chunks/node_modules_next_dist_1e8vcs8._.js:776
[ 7018670ms] [WARNING] Invalid scope @ http://localhost:3000/_next/static/chunks/node_modules_next_dist_1e8vcs8._.js:776
[ 7018670ms] [WARNING] GSAP target .pre-sub not found. https://gsap.com @ http://localhost:3000/_next/static/chunks/node_modules_next_dist_1e8vcs8._.js:776
[ 7018671ms] [WARNING] Invalid scope @ http://localhost:3000/_next/static/chunks/node_modules_next_dist_1e8vcs8._.js:776
[ 7018671ms] [WARNING] GSAP target  not found. https://gsap.com @ http://localhost:3000/_next/static/chunks/node_modules_next_dist_1e8vcs8._.js:776
[ 7018672ms] [WARNING] Invalid scope @ http://localhost:3000/_next/static/chunks/node_modules_next_dist_1e8vcs8._.js:776
[ 7018672ms] [WARNING] GSAP target .gavel-progress not found. https://gsap.com @ http://localhost:3000/_next/static/chunks/node_modules_next_dist_1e8vcs8._.js:776
[ 7018673ms] [WARNING] Invalid scope @ http://localhost:3000/_next/static/chunks/node_modules_next_dist_1e8vcs8._.js:776
[ 7018673ms] [WARNING] GSAP target  not found. https://gsap.com @ http://localhost:3000/_next/static/chunks/node_modules_next_dist_1e8vcs8._.js:776
[ 7018673ms] [WARNING] Invalid scope @ http://localhost:3000/_next/static/chunks/node_modules_next_dist_1e8vcs8._.js:776
[ 7018674ms] [WARNING] GSAP target .pre-counter not found. https://gsap.com @ http://localhost:3000/_next/static/chunks/node_modules_next_dist_1e8vcs8._.js:776
[ 7018674ms] [WARNING] Invalid scope @ http://localhost:3000/_next/static/chunks/node_modules_next_dist_1e8vcs8._.js:776
[ 7018674ms] [WARNING] GSAP target  not found. https://gsap.com @ http://localhost:3000/_next/static/chunks/node_modules_next_dist_1e8vcs8._.js:776
[ 7018675ms] [WARNING] Invalid scope @ http://localhost:3000/_next/static/chunks/node_modules_next_dist_1e8vcs8._.js:776
[ 7018675ms] [WARNING] GSAP target .pre-counter-text not found. https://gsap.com @ http://localhost:3000/_next/static/chunks/node_modules_next_dist_1e8vcs8._.js:776
[ 7018675ms] [WARNING] Invalid scope @ http://localhost:3000/_next/static/chunks/node_modules_next_dist_1e8vcs8._.js:776
[ 7018676ms] [WARNING] GSAP target .pre-loader not found. https://gsap.com @ http://localhost:3000/_next/static/chunks/node_modules_next_dist_1e8vcs8._.js:776
[ 7018676ms] [WARNING] Invalid scope @ http://localhost:3000/_next/static/chunks/node_modules_next_dist_1e8vcs8._.js:776
[ 7018676ms] [WARNING] GSAP target .pre-loader not found. https://gsap.com @ http://localhost:3000/_next/static/chunks/node_modules_next_dist_1e8vcs8._.js:776
[ 7018678ms] [WARNING] GSAP target  not found. https://gsap.com @ http://localhost:3000/_next/static/chunks/node_modules_next_dist_1e8vcs8._.js:776
[ 7019171ms] [WARNING] GSAP target  not found. https://gsap.com @ http://localhost:3000/_next/static/chunks/node_modules_next_dist_1e8vcs8._.js:776
[ 7019472ms] [WARNING] GSAP target  not found. https://gsap.com @ http://localhost:3000/_next/static/chunks/node_modules_next_dist_1e8vcs8._.js:776
[ 7019871ms] [WARNING] GSAP target  not found. https://gsap.com @ http://localhost:3000/_next/static/chunks/node_modules_next_dist_1e8vcs8._.js:776
[ 7294931ms] [LOG] [Fast Refresh] rebuilding @ http://localhost:3000/_next/static/chunks/node_modules_next_dist_1e8vcs8._.js:776
[ 7294989ms] [LOG] [Fast Refresh] done in 3ms @ http://localhost:3000/_next/static/chunks/node_modules_next_dist_1e8vcs8._.js:776
[ 7306672ms] [LOG] [Fast Refresh] rebuilding @ http://localhost:3000/_next/static/chunks/node_modules_next_dist_1e8vcs8._.js:776
[ 7306729ms] [LOG] [Fast Refresh] done in 8ms @ http://localhost:3000/_next/static/chunks/node_modules_next_dist_1e8vcs8._.js:776
[ 7306753ms] [LOG] [Fast Refresh] done in 8ms @ http://localhost:3000/_next/static/chunks/node_modules_next_dist_1e8vcs8._.js:776
[ 7306794ms] [WARNING] Invalid scope @ http://localhost:3000/_next/static/chunks/node_modules_next_dist_1e8vcs8._.js:776
[ 7306795ms] [WARNING] GSAP target .pre-name not found. https://gsap.com @ http://localhost:3000/_next/static/chunks/node_modules_next_dist_1e8vcs8._.js:776
[ 7306795ms] [WARNING] Invalid scope @ http://localhost:3000/_next/static/chunks/node_modules_next_dist_1e8vcs8._.js:776
[ 7306796ms] [WARNING] GSAP target  not found. https://gsap.com @ http://localhost:3000/_next/static/chunks/node_modules_next_dist_1e8vcs8._.js:776
[ 7306796ms] [WARNING] Invalid scope @ http://localhost:3000/_next/static/chunks/node_modules_next_dist_1e8vcs8._.js:776
[ 7306796ms] [WARNING] GSAP target .pre-sub not found. https://gsap.com @ http://localhost:3000/_next/static/chunks/node_modules_next_dist_1e8vcs8._.js:776
[ 7306797ms] [WARNING] Invalid scope @ http://localhost:3000/_next/static/chunks/node_modules_next_dist_1e8vcs8._.js:776
[ 7306797ms] [WARNING] GSAP target  not found. https://gsap.com @ http://localhost:3000/_next/static/chunks/node_modules_next_dist_1e8vcs8._.js:776
[ 7306797ms] [WARNING] Invalid scope @ http://localhost:3000/_next/static/chunks/node_modules_next_dist_1e8vcs8._.js:776
[ 7306798ms] [WARNING] GSAP target .gavel-progress not found. https://gsap.com @ http://localhost:3000/_next/static/chunks/node_modules_next_dist_1e8vcs8._.js:776
[ 7306798ms] [WARNING] Invalid scope @ http://localhost:3000/_next/static/chunks/node_modules_next_dist_1e8vcs8._.js:776
[ 7306799ms] [WARNING] GSAP target  not found. https://gsap.com @ http://localhost:3000/_next/static/chunks/node_modules_next_dist_1e8vcs8._.js:776
[ 7306799ms] [WARNING] Invalid scope @ http://localhost:3000/_next/static/chunks/node_modules_next_dist_1e8vcs8._.js:776
[ 7306800ms] [WARNING] GSAP target .pre-counter not found. https://gsap.com @ http://localhost:3000/_next/static/chunks/node_modules_next_dist_1e8vcs8._.js:776
[ 7306800ms] [WARNING] Invalid scope @ http://localhost:3000/_next/static/chunks/node_modules_next_dist_1e8vcs8._.js:776
[ 7306801ms] [WARNING] GSAP target  not found. https://gsap.com @ http://localhost:3000/_next/static/chunks/node_modules_next_dist_1e8vcs8._.js:776
[ 7306801ms] [WARNING] Invalid scope @ http://localhost:3000/_next/static/chunks/node_modules_next_dist_1e8vcs8._.js:776
[ 7306802ms] [WARNING] GSAP target .pre-counter-text not found. https://gsap.com @ http://localhost:3000/_next/static/chunks/node_modules_next_dist_1e8vcs8._.js:776
[ 7306803ms] [WARNING] Invalid scope @ http://localhost:3000/_next/static/chunks/node_modules_next_dist_1e8vcs8._.js:776
[ 7306803ms] [WARNING] GSAP target .pre-loader not found. https://gsap.com @ http://localhost:3000/_next/static/chunks/node_modules_next_dist_1e8vcs8._.js:776
[ 7306804ms] [WARNING] Invalid scope @ http://localhost:3000/_next/static/chunks/node_modules_next_dist_1e8vcs8._.js:776
[ 7306804ms] [WARNING] GSAP target .pre-loader not found. https://gsap.com @ http://localhost:3000/_next/static/chunks/node_modules_next_dist_1e8vcs8._.js:776
[ 7306805ms] [WARNING] GSAP target  not found. https://gsap.com @ http://localhost:3000/_next/static/chunks/node_modules_next_dist_1e8vcs8._.js:776
[ 7307299ms] [WARNING] GSAP target  not found. https://gsap.com @ http://localhost:3000/_next/static/chunks/node_modules_next_dist_1e8vcs8._.js:776
[ 7307599ms] [WARNING] GSAP target  not found. https://gsap.com @ http://localhost:3000/_next/static/chunks/node_modules_next_dist_1e8vcs8._.js:776
[ 7307999ms] [WARNING] GSAP target  not found. https://gsap.com @ http://localhost:3000/_next/static/chunks/node_modules_next_dist_1e8vcs8._.js:776
[ 7326012ms] [LOG] [Fast Refresh] rebuilding @ http://localhost:3000/_next/static/chunks/node_modules_next_dist_1e8vcs8._.js:776
[ 7326075ms] [WARNING] Invalid scope @ http://localhost:3000/_next/static/chunks/node_modules_next_dist_1e8vcs8._.js:776
[ 7326076ms] [WARNING] GSAP target .pre-name not found. https://gsap.com @ http://localhost:3000/_next/static/chunks/node_modules_next_dist_1e8vcs8._.js:776
[ 7326077ms] [WARNING] Invalid scope @ http://localhost:3000/_next/static/chunks/node_modules_next_dist_1e8vcs8._.js:776
[ 7326077ms] [WARNING] GSAP target  not found. https://gsap.com @ http://localhost:3000/_next/static/chunks/node_modules_next_dist_1e8vcs8._.js:776
[ 7326078ms] [WARNING] Invalid scope @ http://localhost:3000/_next/static/chunks/node_modules_next_dist_1e8vcs8._.js:776
[ 7326078ms] [WARNING] GSAP target .pre-sub not found. https://gsap.com @ http://localhost:3000/_next/static/chunks/node_modules_next_dist_1e8vcs8._.js:776
[ 7326079ms] [WARNING] Invalid scope @ http://localhost:3000/_next/static/chunks/node_modules_next_dist_1e8vcs8._.js:776
[ 7326079ms] [WARNING] GSAP target  not found. https://gsap.com @ http://localhost:3000/_next/static/chunks/node_modules_next_dist_1e8vcs8._.js:776
[ 7326080ms] [WARNING] Invalid scope @ http://localhost:3000/_next/static/chunks/node_modules_next_dist_1e8vcs8._.js:776
[ 7326080ms] [WARNING] GSAP target .gavel-progress not found. https://gsap.com @ http://localhost:3000/_next/static/chunks/node_modules_next_dist_1e8vcs8._.js:776
[ 7326081ms] [WARNING] Invalid scope @ http://localhost:3000/_next/static/chunks/node_modules_next_dist_1e8vcs8._.js:776
[ 7326082ms] [WARNING] GSAP target  not found. https://gsap.com @ http://localhost:3000/_next/static/chunks/node_modules_next_dist_1e8vcs8._.js:776
[ 7326082ms] [WARNING] Invalid scope @ http://localhost:3000/_next/static/chunks/node_modules_next_dist_1e8vcs8._.js:776
[ 7326083ms] [WARNING] GSAP target .pre-counter not found. https://gsap.com @ http://localhost:3000/_next/static/chunks/node_modules_next_dist_1e8vcs8._.js:776
[ 7326083ms] [WARNING] Invalid scope @ http://localhost:3000/_next/static/chunks/node_modules_next_dist_1e8vcs8._.js:776
[ 7326084ms] [WARNING] GSAP target  not found. https://gsap.com @ http://localhost:3000/_next/static/chunks/node_modules_next_dist_1e8vcs8._.js:776
[ 7326085ms] [WARNING] Invalid scope @ http://localhost:3000/_next/static/chunks/node_modules_next_dist_1e8vcs8._.js:776
[ 7326085ms] [WARNING] GSAP target .pre-counter-text not found. https://gsap.com @ http://localhost:3000/_next/static/chunks/node_modules_next_dist_1e8vcs8._.js:776
[ 7326086ms] [WARNING] Invalid scope @ http://localhost:3000/_next/static/chunks/node_modules_next_dist_1e8vcs8._.js:776
[ 7326087ms] [WARNING] GSAP target .pre-loader not found. https://gsap.com @ http://localhost:3000/_next/static/chunks/node_modules_next_dist_1e8vcs8._.js:776
[ 7326087ms] [WARNING] Invalid scope @ http://localhost:3000/_next/static/chunks/node_modules_next_dist_1e8vcs8._.js:776
[ 7326087ms] [WARNING] GSAP target .pre-loader not found. https://gsap.com @ http://localhost:3000/_next/static/chunks/node_modules_next_dist_1e8vcs8._.js:776
[ 7326089ms] [WARNING] GSAP target  not found. https://gsap.com @ http://localhost:3000/_next/static/chunks/node_modules_next_dist_1e8vcs8._.js:776
[ 7326093ms] [LOG] [Fast Refresh] done in 7ms @ http://localhost:3000/_next/static/chunks/node_modules_next_dist_1e8vcs8._.js:776
[ 7326162ms] [WARNING] GSAP target  not found. https://gsap.com @ http://localhost:3000/_next/static/chunks/node_modules_next_dist_1e8vcs8._.js:776
[ 7326163ms] [WARNING] GSAP target  not found. https://gsap.com @ http://localhost:3000/_next/static/chunks/node_modules_next_dist_1e8vcs8._.js:776
[ 7326163ms] [WARNING] GSAP target  not found. https://gsap.com @ http://localhost:3000/_next/static/chunks/node_modules_next_dist_1e8vcs8._.js:776
[ 7326165ms] [WARNING] Invalid scope @ http://localhost:3000/_next/static/chunks/node_modules_next_dist_1e8vcs8._.js:776
[ 7326165ms] [WARNING] GSAP target .pre-name not found. https://gsap.com @ http://localhost:3000/_next/static/chunks/node_modules_next_dist_1e8vcs8._.js:776
[ 7326166ms] [WARNING] Invalid scope @ http://localhost:3000/_next/static/chunks/node_modules_next_dist_1e8vcs8._.js:776
[ 7326166ms] [WARNING] GSAP target  not found. https://gsap.com @ http://localhost:3000/_next/static/chunks/node_modules_next_dist_1e8vcs8._.js:776
[ 7326167ms] [WARNING] Invalid scope @ http://localhost:3000/_next/static/chunks/node_modules_next_dist_1e8vcs8._.js:776
[ 7326167ms] [WARNING] GSAP target .pre-sub not found. https://gsap.com @ http://localhost:3000/_next/static/chunks/node_modules_next_dist_1e8vcs8._.js:776
[ 7326168ms] [WARNING] Invalid scope @ http://localhost:3000/_next/static/chunks/node_modules_next_dist_1e8vcs8._.js:776
[ 7326168ms] [WARNING] GSAP target  not found. https://gsap.com @ http://localhost:3000/_next/static/chunks/node_modules_next_dist_1e8vcs8._.js:776
[ 7326169ms] [WARNING] Invalid scope @ http://localhost:3000/_next/static/chunks/node_modules_next_dist_1e8vcs8._.js:776
[ 7326169ms] [WARNING] GSAP target .gavel-progress not found. https://gsap.com @ http://localhost:3000/_next/static/chunks/node_modules_next_dist_1e8vcs8._.js:776
[ 7326170ms] [WARNING] Invalid scope @ http://localhost:3000/_next/static/chunks/node_modules_next_dist_1e8vcs8._.js:776
[ 7326170ms] [WARNING] GSAP target  not found. https://gsap.com @ http://localhost:3000/_next/static/chunks/node_modules_next_dist_1e8vcs8._.js:776
[ 7326171ms] [WARNING] Invalid scope @ http://localhost:3000/_next/static/chunks/node_modules_next_dist_1e8vcs8._.js:776
[ 7326171ms] [WARNING] GSAP target .pre-counter not found. https://gsap.com @ http://localhost:3000/_next/static/chunks/node_modules_next_dist_1e8vcs8._.js:776
[ 7326171ms] [WARNING] Invalid scope @ http://localhost:3000/_next/static/chunks/node_modules_next_dist_1e8vcs8._.js:776
[ 7326172ms] [WARNING] GSAP target  not found. https://gsap.com @ http://localhost:3000/_next/static/chunks/node_modules_next_dist_1e8vcs8._.js:776
[ 7326172ms] [WARNING] Invalid scope @ http://localhost:3000/_next/static/chunks/node_modules_next_dist_1e8vcs8._.js:776
[ 7326173ms] [WARNING] GSAP target .pre-counter-text not found. https://gsap.com @ http://localhost:3000/_next/static/chunks/node_modules_next_dist_1e8vcs8._.js:776
[ 7326173ms] [WARNING] Invalid scope @ http://localhost:3000/_next/static/chunks/node_modules_next_dist_1e8vcs8._.js:776
[ 7326173ms] [WARNING] GSAP target .pre-loader not found. https://gsap.com @ http://localhost:3000/_next/static/chunks/node_modules_next_dist_1e8vcs8._.js:776
[ 7326174ms] [WARNING] Invalid scope @ http://localhost:3000/_next/static/chunks/node_modules_next_dist_1e8vcs8._.js:776
[ 7326174ms] [WARNING] GSAP target .pre-loader not found. https://gsap.com @ http://localhost:3000/_next/static/chunks/node_modules_next_dist_1e8vcs8._.js:776
[ 7326175ms] [WARNING] GSAP target  not found. https://gsap.com @ http://localhost:3000/_next/static/chunks/node_modules_next_dist_1e8vcs8._.js:776
[ 7326285ms] [LOG] [Fast Refresh] rebuilding @ http://localhost:3000/_next/static/chunks/node_modules_next_dist_1e8vcs8._.js:776
[ 7326560ms] [LOG] [Fast Refresh] done in 375ms @ http://localhost:3000/_next/static/chunks/node_modules_next_dist_1e8vcs8._.js:776
[ 7326665ms] [WARNING] GSAP target  not found. https://gsap.com @ http://localhost:3000/_next/static/chunks/node_modules_next_dist_1e8vcs8._.js:776
[ 7326965ms] [WARNING] GSAP target  not found. https://gsap.com @ http://localhost:3000/_next/static/chunks/node_modules_next_dist_1e8vcs8._.js:776
[ 7327365ms] [WARNING] GSAP target  not found. https://gsap.com @ http://localhost:3000/_next/static/chunks/node_modules_next_dist_1e8vcs8._.js:776
[ 7418524ms] [LOG] [Fast Refresh] rebuilding @ http://localhost:3000/_next/static/chunks/node_modules_next_dist_1e8vcs8._.js:776
[ 7418572ms] [LOG] [Fast Refresh] done in 5ms @ http://localhost:3000/_next/static/chunks/node_modules_next_dist_1e8vcs8._.js:776
[ 7418631ms] [WARNING] Invalid scope @ http://localhost:3000/_next/static/chunks/node_modules_next_dist_1e8vcs8._.js:776
[ 7418631ms] [WARNING] GSAP target .pre-name not found. https://gsap.com @ http://localhost:3000/_next/static/chunks/node_modules_next_dist_1e8vcs8._.js:776
[ 7418631ms] [WARNING] Invalid scope @ http://localhost:3000/_next/static/chunks/node_modules_next_dist_1e8vcs8._.js:776
[ 7418632ms] [WARNING] GSAP target  not found. https://gsap.com @ http://localhost:3000/_next/static/chunks/node_modules_next_dist_1e8vcs8._.js:776
[ 7418632ms] [WARNING] Invalid scope @ http://localhost:3000/_next/static/chunks/node_modules_next_dist_1e8vcs8._.js:776
[ 7418633ms] [WARNING] GSAP target .pre-sub not found. https://gsap.com @ http://localhost:3000/_next/static/chunks/node_modules_next_dist_1e8vcs8._.js:776
[ 7418633ms] [WARNING] Invalid scope @ http://localhost:3000/_next/static/chunks/node_modules_next_dist_1e8vcs8._.js:776
[ 7418633ms] [WARNING] GSAP target  not found. https://gsap.com @ http://localhost:3000/_next/static/chunks/node_modules_next_dist_1e8vcs8._.js:776
[ 7418634ms] [WARNING] Invalid scope @ http://localhost:3000/_next/static/chunks/node_modules_next_dist_1e8vcs8._.js:776
[ 7418634ms] [WARNING] GSAP target .gavel-progress not found. https://gsap.com @ http://localhost:3000/_next/static/chunks/node_modules_next_dist_1e8vcs8._.js:776
[ 7418634ms] [WARNING] Invalid scope @ http://localhost:3000/_next/static/chunks/node_modules_next_dist_1e8vcs8._.js:776
[ 7418635ms] [WARNING] GSAP target  not found. https://gsap.com @ http://localhost:3000/_next/static/chunks/node_modules_next_dist_1e8vcs8._.js:776
[ 7418635ms] [WARNING] Invalid scope @ http://localhost:3000/_next/static/chunks/node_modules_next_dist_1e8vcs8._.js:776
[ 7418635ms] [WARNING] GSAP target .pre-counter not found. https://gsap.com @ http://localhost:3000/_next/static/chunks/node_modules_next_dist_1e8vcs8._.js:776
[ 7418636ms] [WARNING] Invalid scope @ http://localhost:3000/_next/static/chunks/node_modules_next_dist_1e8vcs8._.js:776
[ 7418636ms] [WARNING] GSAP target  not found. https://gsap.com @ http://localhost:3000/_next/static/chunks/node_modules_next_dist_1e8vcs8._.js:776
[ 7418637ms] [WARNING] Invalid scope @ http://localhost:3000/_next/static/chunks/node_modules_next_dist_1e8vcs8._.js:776
[ 7418638ms] [WARNING] GSAP target .pre-counter-text not found. https://gsap.com @ http://localhost:3000/_next/static/chunks/node_modules_next_dist_1e8vcs8._.js:776
[ 7418638ms] [WARNING] Invalid scope @ http://localhost:3000/_next/static/chunks/node_modules_next_dist_1e8vcs8._.js:776
[ 7418639ms] [WARNING] GSAP target .pre-loader not found. https://gsap.com @ http://localhost:3000/_next/static/chunks/node_modules_next_dist_1e8vcs8._.js:776
[ 7418639ms] [WARNING] Invalid scope @ http://localhost:3000/_next/static/chunks/node_modules_next_dist_1e8vcs8._.js:776
[ 7418640ms] [WARNING] GSAP target .pre-loader not found. https://gsap.com @ http://localhost:3000/_next/static/chunks/node_modules_next_dist_1e8vcs8._.js:776
[ 7418641ms] [WARNING] GSAP target  not found. https://gsap.com @ http://localhost:3000/_next/static/chunks/node_modules_next_dist_1e8vcs8._.js:776
[ 7418832ms] [LOG] [Fast Refresh] rebuilding @ http://localhost:3000/_next/static/chunks/node_modules_next_dist_1e8vcs8._.js:776
[ 7418923ms] [LOG] [Fast Refresh] done in 193ms @ http://localhost:3000/_next/static/chunks/node_modules_next_dist_1e8vcs8._.js:776
[ 7419130ms] [WARNING] GSAP target  not found. https://gsap.com @ http://localhost:3000/_next/static/chunks/node_modules_next_dist_1e8vcs8._.js:776
[ 7419430ms] [WARNING] GSAP target  not found. https://gsap.com @ http://localhost:3000/_next/static/chunks/node_modules_next_dist_1e8vcs8._.js:776
[ 7419830ms] [WARNING] GSAP target  not found. https://gsap.com @ http://localhost:3000/_next/static/chunks/node_modules_next_dist_1e8vcs8._.js:776
[ 7716218ms] [LOG] [Fast Refresh] rebuilding @ http://localhost:3000/_next/static/chunks/node_modules_next_dist_1e8vcs8._.js:776
[ 7716295ms] [LOG] [Fast Refresh] done in 5ms @ http://localhost:3000/_next/static/chunks/node_modules_next_dist_1e8vcs8._.js:776
[ 7716319ms] [WARNING] Invalid scope @ http://localhost:3000/_next/static/chunks/node_modules_next_dist_1e8vcs8._.js:776
[ 7716320ms] [WARNING] GSAP target .scale-beam not found. https://gsap.com @ http://localhost:3000/_next/static/chunks/node_modules_next_dist_1e8vcs8._.js:776
[ 7716320ms] [WARNING] Invalid scope @ http://localhost:3000/_next/static/chunks/node_modules_next_dist_1e8vcs8._.js:776
[ 7716321ms] [WARNING] GSAP target  not found. https://gsap.com @ http://localhost:3000/_next/static/chunks/node_modules_next_dist_1e8vcs8._.js:776
[ 7716321ms] [WARNING] Invalid scope @ http://localhost:3000/_next/static/chunks/node_modules_next_dist_1e8vcs8._.js:776
[ 7716322ms] [WARNING] GSAP target .scale-pan-left not found. https://gsap.com @ http://localhost:3000/_next/static/chunks/node_modules_next_dist_1e8vcs8._.js:776
[ 7716323ms] [WARNING] Invalid scope @ http://localhost:3000/_next/static/chunks/node_modules_next_dist_1e8vcs8._.js:776
[ 7716323ms] [WARNING] GSAP target  not found. https://gsap.com @ http://localhost:3000/_next/static/chunks/node_modules_next_dist_1e8vcs8._.js:776
[ 7716323ms] [WARNING] Invalid scope @ http://localhost:3000/_next/static/chunks/node_modules_next_dist_1e8vcs8._.js:776
[ 7716324ms] [WARNING] GSAP target .scale-pan-right not found. https://gsap.com @ http://localhost:3000/_next/static/chunks/node_modules_next_dist_1e8vcs8._.js:776
[ 7716325ms] [WARNING] Invalid scope @ http://localhost:3000/_next/static/chunks/node_modules_next_dist_1e8vcs8._.js:776
[ 7716325ms] [WARNING] GSAP target  not found. https://gsap.com @ http://localhost:3000/_next/static/chunks/node_modules_next_dist_1e8vcs8._.js:776
[ 7716326ms] [WARNING] Invalid scope @ http://localhost:3000/_next/static/chunks/node_modules_next_dist_1e8vcs8._.js:776
[ 7716326ms] [WARNING] GSAP target .scale-shine not found. https://gsap.com @ http://localhost:3000/_next/static/chunks/node_modules_next_dist_1e8vcs8._.js:776
[ 7716327ms] [WARNING] Invalid scope @ http://localhost:3000/_next/static/chunks/node_modules_next_dist_1e8vcs8._.js:776
[ 7716328ms] [WARNING] GSAP target  not found. https://gsap.com @ http://localhost:3000/_next/static/chunks/node_modules_next_dist_1e8vcs8._.js:776
[ 7716328ms] [WARNING] Invalid scope @ http://localhost:3000/_next/static/chunks/node_modules_next_dist_1e8vcs8._.js:776
[ 7716329ms] [WARNING] GSAP target .pre-name not found. https://gsap.com @ http://localhost:3000/_next/static/chunks/node_modules_next_dist_1e8vcs8._.js:776
[ 7716330ms] [WARNING] Invalid scope @ http://localhost:3000/_next/static/chunks/node_modules_next_dist_1e8vcs8._.js:776
[ 7716330ms] [WARNING] GSAP target  not found. https://gsap.com @ http://localhost:3000/_next/static/chunks/node_modules_next_dist_1e8vcs8._.js:776
[ 7716331ms] [WARNING] Invalid scope @ http://localhost:3000/_next/static/chunks/node_modules_next_dist_1e8vcs8._.js:776
[ 7716331ms] [WARNING] GSAP target .pre-sub not found. https://gsap.com @ http://localhost:3000/_next/static/chunks/node_modules_next_dist_1e8vcs8._.js:776
[ 7716332ms] [WARNING] Invalid scope @ http://localhost:3000/_next/static/chunks/node_modules_next_dist_1e8vcs8._.js:776
[ 7716333ms] [WARNING] GSAP target  not found. https://gsap.com @ http://localhost:3000/_next/static/chunks/node_modules_next_dist_1e8vcs8._.js:776
[ 7716333ms] [WARNING] Invalid scope @ http://localhost:3000/_next/static/chunks/node_modules_next_dist_1e8vcs8._.js:776
[ 7716334ms] [WARNING] GSAP target .scale-svg not found. https://gsap.com @ http://localhost:3000/_next/static/chunks/node_modules_next_dist_1e8vcs8._.js:776
[ 7716334ms] [WARNING] Invalid scope @ http://localhost:3000/_next/static/chunks/node_modules_next_dist_1e8vcs8._.js:776
[ 7716335ms] [WARNING] GSAP target  not found. https://gsap.com @ http://localhost:3000/_next/static/chunks/node_modules_next_dist_1e8vcs8._.js:776
[ 7716335ms] [WARNING] Invalid scope @ http://localhost:3000/_next/static/chunks/node_modules_next_dist_1e8vcs8._.js:776
[ 7716335ms] [WARNING] GSAP target .gavel-progress not found. https://gsap.com @ http://localhost:3000/_next/static/chunks/node_modules_next_dist_1e8vcs8._.js:776
[ 7716336ms] [WARNING] Invalid scope @ http://localhost:3000/_next/static/chunks/node_modules_next_dist_1e8vcs8._.js:776
[ 7716336ms] [WARNING] GSAP target  not found. https://gsap.com @ http://localhost:3000/_next/static/chunks/node_modules_next_dist_1e8vcs8._.js:776
[ 7716337ms] [WARNING] Invalid scope @ http://localhost:3000/_next/static/chunks/node_modules_next_dist_1e8vcs8._.js:776
[ 7716337ms] [WARNING] GSAP target .pre-counter not found. https://gsap.com @ http://localhost:3000/_next/static/chunks/node_modules_next_dist_1e8vcs8._.js:776
[ 7716338ms] [WARNING] Invalid scope @ http://localhost:3000/_next/static/chunks/node_modules_next_dist_1e8vcs8._.js:776
[ 7716338ms] [WARNING] GSAP target  not found. https://gsap.com @ http://localhost:3000/_next/static/chunks/node_modules_next_dist_1e8vcs8._.js:776
[ 7716339ms] [WARNING] Invalid scope @ http://localhost:3000/_next/static/chunks/node_modules_next_dist_1e8vcs8._.js:776
[ 7716339ms] [WARNING] GSAP target .pre-counter-text not found. https://gsap.com @ http://localhost:3000/_next/static/chunks/node_modules_next_dist_1e8vcs8._.js:776
[ 7716340ms] [WARNING] Invalid scope @ http://localhost:3000/_next/static/chunks/node_modules_next_dist_1e8vcs8._.js:776
[ 7716340ms] [WARNING] Invalid scope @ http://localhost:3000/_next/static/chunks/node_modules_next_dist_1e8vcs8._.js:776
[ 7716341ms] [WARNING] GSAP target .pre-loader not found. https://gsap.com @ http://localhost:3000/_next/static/chunks/node_modules_next_dist_1e8vcs8._.js:776
[ 7716342ms] [WARNING] Invalid scope @ http://localhost:3000/_next/static/chunks/node_modules_next_dist_1e8vcs8._.js:776
[ 7716342ms] [WARNING] GSAP target .pre-loader not found. https://gsap.com @ http://localhost:3000/_next/static/chunks/node_modules_next_dist_1e8vcs8._.js:776
[ 7716344ms] [WARNING] GSAP target  not found. https://gsap.com @ http://localhost:3000/_next/static/chunks/node_modules_next_dist_1e8vcs8._.js:776
[ 7716344ms] [WARNING] GSAP target  not found. https://gsap.com @ http://localhost:3000/_next/static/chunks/node_modules_next_dist_1e8vcs8._.js:776
[ 7716557ms] [LOG] [Fast Refresh] rebuilding @ http://localhost:3000/_next/static/chunks/node_modules_next_dist_1e8vcs8._.js:776
[ 7716824ms] [WARNING] GSAP target  not found. https://gsap.com @ http://localhost:3000/_next/static/chunks/node_modules_next_dist_1e8vcs8._.js:776
[ 7716872ms] [LOG] [Fast Refresh] done in 416ms @ http://localhost:3000/_next/static/chunks/node_modules_next_dist_1e8vcs8._.js:776
[ 7717324ms] [WARNING] GSAP target  not found. https://gsap.com @ http://localhost:3000/_next/static/chunks/node_modules_next_dist_1e8vcs8._.js:776
[ 7717724ms] [WARNING] GSAP target  not found. https://gsap.com @ http://localhost:3000/_next/static/chunks/node_modules_next_dist_1e8vcs8._.js:776
[ 7717725ms] [WARNING] GSAP target  not found. https://gsap.com @ http://localhost:3000/_next/static/chunks/node_modules_next_dist_1e8vcs8._.js:776
[ 7717725ms] [WARNING] GSAP target  not found. https://gsap.com @ http://localhost:3000/_next/static/chunks/node_modules_next_dist_1e8vcs8._.js:776
[ 7717974ms] [WARNING] GSAP target  not found. https://gsap.com @ http://localhost:3000/_next/static/chunks/node_modules_next_dist_1e8vcs8._.js:776
[ 7718374ms] [WARNING] GSAP target  not found. https://gsap.com @ http://localhost:3000/_next/static/chunks/node_modules_next_dist_1e8vcs8._.js:776
[ 7719175ms] [WARNING] Invalid scope @ http://localhost:3000/_next/static/chunks/node_modules_next_dist_1e8vcs8._.js:776
[ 7719175ms] [WARNING] GSAP target .scale-beam not found. https://gsap.com @ http://localhost:3000/_next/static/chunks/node_modules_next_dist_1e8vcs8._.js:776
[ 7719175ms] [WARNING] Invalid scope @ http://localhost:3000/_next/static/chunks/node_modules_next_dist_1e8vcs8._.js:776
[ 7719176ms] [WARNING] GSAP target .scale-beam not found. https://gsap.com @ http://localhost:3000/_next/static/chunks/node_modules_next_dist_1e8vcs8._.js:776
[ 7719176ms] [WARNING] Invalid scope @ http://localhost:3000/_next/static/chunks/node_modules_next_dist_1e8vcs8._.js:776
[ 7719176ms] [WARNING] GSAP target .scale-pan-left not found. https://gsap.com @ http://localhost:3000/_next/static/chunks/node_modules_next_dist_1e8vcs8._.js:776
[ 7719176ms] [WARNING] Invalid scope @ http://localhost:3000/_next/static/chunks/node_modules_next_dist_1e8vcs8._.js:776
[ 7719176ms] [WARNING] GSAP target .scale-pan-left not found. https://gsap.com @ http://localhost:3000/_next/static/chunks/node_modules_next_dist_1e8vcs8._.js:776
[ 7719177ms] [WARNING] Invalid scope @ http://localhost:3000/_next/static/chunks/node_modules_next_dist_1e8vcs8._.js:776
[ 7719177ms] [WARNING] GSAP target .scale-pan-right not found. https://gsap.com @ http://localhost:3000/_next/static/chunks/node_modules_next_dist_1e8vcs8._.js:776
[ 7719177ms] [WARNING] Invalid scope @ http://localhost:3000/_next/static/chunks/node_modules_next_dist_1e8vcs8._.js:776
[ 7719177ms] [WARNING] GSAP target .scale-pan-right not found. https://gsap.com @ http://localhost:3000/_next/static/chunks/node_modules_next_dist_1e8vcs8._.js:776
[ 7719177ms] [WARNING] Invalid scope @ http://localhost:3000/_next/static/chunks/node_modules_next_dist_1e8vcs8._.js:776
[ 7719177ms] [WARNING] GSAP target .scale-svg not found. https://gsap.com @ http://localhost:3000/_next/static/chunks/node_modules_next_dist_1e8vcs8._.js:776
[ 7731694ms] [LOG] [Fast Refresh] rebuilding @ http://localhost:3000/_next/static/chunks/node_modules_next_dist_1e8vcs8._.js:776
[ 7731750ms] [LOG] [Fast Refresh] done in 5ms @ http://localhost:3000/_next/static/chunks/node_modules_next_dist_1e8vcs8._.js:776
[ 7731911ms] [WARNING] Invalid scope @ http://localhost:3000/_next/static/chunks/node_modules_next_dist_1e8vcs8._.js:776
[ 7731911ms] [WARNING] GSAP target .scale-beam not found. https://gsap.com @ http://localhost:3000/_next/static/chunks/node_modules_next_dist_1e8vcs8._.js:776
[ 7731912ms] [WARNING] Invalid scope @ http://localhost:3000/_next/static/chunks/node_modules_next_dist_1e8vcs8._.js:776
[ 7731912ms] [WARNING] GSAP target  not found. https://gsap.com @ http://localhost:3000/_next/static/chunks/node_modules_next_dist_1e8vcs8._.js:776
[ 7731913ms] [WARNING] Invalid scope @ http://localhost:3000/_next/static/chunks/node_modules_next_dist_1e8vcs8._.js:776
[ 7731913ms] [WARNING] GSAP target .scale-pan-left not found. https://gsap.com @ http://localhost:3000/_next/static/chunks/node_modules_next_dist_1e8vcs8._.js:776
[ 7731914ms] [WARNING] Invalid scope @ http://localhost:3000/_next/static/chunks/node_modules_next_dist_1e8vcs8._.js:776
[ 7731915ms] [WARNING] GSAP target  not found. https://gsap.com @ http://localhost:3000/_next/static/chunks/node_modules_next_dist_1e8vcs8._.js:776
[ 7731916ms] [WARNING] Invalid scope @ http://localhost:3000/_next/static/chunks/node_modules_next_dist_1e8vcs8._.js:776
[ 7731916ms] [WARNING] GSAP target .scale-pan-right not found. https://gsap.com @ http://localhost:3000/_next/static/chunks/node_modules_next_dist_1e8vcs8._.js:776
[ 7731917ms] [WARNING] Invalid scope @ http://localhost:3000/_next/static/chunks/node_modules_next_dist_1e8vcs8._.js:776
[ 7731917ms] [WARNING] GSAP target  not found. https://gsap.com @ http://localhost:3000/_next/static/chunks/node_modules_next_dist_1e8vcs8._.js:776
[ 7731918ms] [WARNING] Invalid scope @ http://localhost:3000/_next/static/chunks/node_modules_next_dist_1e8vcs8._.js:776
[ 7731919ms] [WARNING] GSAP target .scale-shine not found. https://gsap.com @ http://localhost:3000/_next/static/chunks/node_modules_next_dist_1e8vcs8._.js:776
[ 7731920ms] [WARNING] Invalid scope @ http://localhost:3000/_next/static/chunks/node_modules_next_dist_1e8vcs8._.js:776
[ 7731921ms] [WARNING] GSAP target  not found. https://gsap.com @ http://localhost:3000/_next/static/chunks/node_modules_next_dist_1e8vcs8._.js:776
[ 7731921ms] [WARNING] Invalid scope @ http://localhost:3000/_next/static/chunks/node_modules_next_dist_1e8vcs8._.js:776
[ 7731922ms] [WARNING] GSAP target .pre-name not found. https://gsap.com @ http://localhost:3000/_next/static/chunks/node_modules_next_dist_1e8vcs8._.js:776
[ 7731923ms] [WARNING] Invalid scope @ http://localhost:3000/_next/static/chunks/node_modules_next_dist_1e8vcs8._.js:776
[ 7731923ms] [WARNING] GSAP target  not found. https://gsap.com @ http://localhost:3000/_next/static/chunks/node_modules_next_dist_1e8vcs8._.js:776
[ 7731924ms] [WARNING] Invalid scope @ http://localhost:3000/_next/static/chunks/node_modules_next_dist_1e8vcs8._.js:776
[ 7731924ms] [WARNING] GSAP target .pre-sub not found. https://gsap.com @ http://localhost:3000/_next/static/chunks/node_modules_next_dist_1e8vcs8._.js:776
[ 7731925ms] [WARNING] Invalid scope @ http://localhost:3000/_next/static/chunks/node_modules_next_dist_1e8vcs8._.js:776
[ 7731926ms] [WARNING] GSAP target  not found. https://gsap.com @ http://localhost:3000/_next/static/chunks/node_modules_next_dist_1e8vcs8._.js:776
[ 7731926ms] [WARNING] Invalid scope @ http://localhost:3000/_next/static/chunks/node_modules_next_dist_1e8vcs8._.js:776
[ 7731927ms] [WARNING] GSAP target .scale-svg not found. https://gsap.com @ http://localhost:3000/_next/static/chunks/node_modules_next_dist_1e8vcs8._.js:776
[ 7731928ms] [WARNING] Invalid scope @ http://localhost:3000/_next/static/chunks/node_modules_next_dist_1e8vcs8._.js:776
[ 7731928ms] [WARNING] GSAP target  not found. https://gsap.com @ http://localhost:3000/_next/static/chunks/node_modules_next_dist_1e8vcs8._.js:776
[ 7731929ms] [WARNING] Invalid scope @ http://localhost:3000/_next/static/chunks/node_modules_next_dist_1e8vcs8._.js:776
[ 7731929ms] [WARNING] GSAP target .gavel-progress not found. https://gsap.com @ http://localhost:3000/_next/static/chunks/node_modules_next_dist_1e8vcs8._.js:776
[ 7731930ms] [WARNING] Invalid scope @ http://localhost:3000/_next/static/chunks/node_modules_next_dist_1e8vcs8._.js:776
[ 7731930ms] [WARNING] GSAP target  not found. https://gsap.com @ http://localhost:3000/_next/static/chunks/node_modules_next_dist_1e8vcs8._.js:776
[ 7731931ms] [WARNING] Invalid scope @ http://localhost:3000/_next/static/chunks/node_modules_next_dist_1e8vcs8._.js:776
[ 7731931ms] [WARNING] GSAP target .pre-counter not found. https://gsap.com @ http://localhost:3000/_next/static/chunks/node_modules_next_dist_1e8vcs8._.js:776
[ 7731931ms] [WARNING] Invalid scope @ http://localhost:3000/_next/static/chunks/node_modules_next_dist_1e8vcs8._.js:776
[ 7731932ms] [WARNING] GSAP target  not found. https://gsap.com @ http://localhost:3000/_next/static/chunks/node_modules_next_dist_1e8vcs8._.js:776
[ 7731932ms] [WARNING] Invalid scope @ http://localhost:3000/_next/static/chunks/node_modules_next_dist_1e8vcs8._.js:776
[ 7731933ms] [WARNING] GSAP target .pre-counter-text not found. https://gsap.com @ http://localhost:3000/_next/static/chunks/node_modules_next_dist_1e8vcs8._.js:776
[ 7731933ms] [WARNING] Invalid scope @ http://localhost:3000/_next/static/chunks/node_modules_next_dist_1e8vcs8._.js:776
[ 7731933ms] [WARNING] Invalid scope @ http://localhost:3000/_next/static/chunks/node_modules_next_dist_1e8vcs8._.js:776
[ 7731934ms] [WARNING] GSAP target .pre-loader not found. https://gsap.com @ http://localhost:3000/_next/static/chunks/node_modules_next_dist_1e8vcs8._.js:776
[ 7731934ms] [WARNING] Invalid scope @ http://localhost:3000/_next/static/chunks/node_modules_next_dist_1e8vcs8._.js:776
[ 7731934ms] [WARNING] GSAP target .pre-loader not found. https://gsap.com @ http://localhost:3000/_next/static/chunks/node_modules_next_dist_1e8vcs8._.js:776
[ 7731936ms] [WARNING] GSAP target  not found. https://gsap.com @ http://localhost:3000/_next/static/chunks/node_modules_next_dist_1e8vcs8._.js:776
[ 7731936ms] [WARNING] GSAP target  not found. https://gsap.com @ http://localhost:3000/_next/static/chunks/node_modules_next_dist_1e8vcs8._.js:776
[ 7732153ms] [LOG] [Fast Refresh] rebuilding @ http://localhost:3000/_next/static/chunks/node_modules_next_dist_1e8vcs8._.js:776
[ 7732408ms] [WARNING] GSAP target  not found. https://gsap.com @ http://localhost:3000/_next/static/chunks/node_modules_next_dist_1e8vcs8._.js:776
[ 7732431ms] [LOG] [Fast Refresh] done in 379ms @ http://localhost:3000/_next/static/chunks/node_modules_next_dist_1e8vcs8._.js:776
[ 7732908ms] [WARNING] GSAP target  not found. https://gsap.com @ http://localhost:3000/_next/static/chunks/node_modules_next_dist_1e8vcs8._.js:776
[ 7733307ms] [WARNING] GSAP target  not found. https://gsap.com @ http://localhost:3000/_next/static/chunks/node_modules_next_dist_1e8vcs8._.js:776
[ 7733308ms] [WARNING] GSAP target  not found. https://gsap.com @ http://localhost:3000/_next/static/chunks/node_modules_next_dist_1e8vcs8._.js:776
[ 7733308ms] [WARNING] GSAP target  not found. https://gsap.com @ http://localhost:3000/_next/static/chunks/node_modules_next_dist_1e8vcs8._.js:776
[ 7733557ms] [WARNING] GSAP target  not found. https://gsap.com @ http://localhost:3000/_next/static/chunks/node_modules_next_dist_1e8vcs8._.js:776
[ 7733957ms] [WARNING] GSAP target  not found. https://gsap.com @ http://localhost:3000/_next/static/chunks/node_modules_next_dist_1e8vcs8._.js:776
[ 7734758ms] [WARNING] Invalid scope @ http://localhost:3000/_next/static/chunks/node_modules_next_dist_1e8vcs8._.js:776
[ 7734758ms] [WARNING] GSAP target .scale-beam not found. https://gsap.com @ http://localhost:3000/_next/static/chunks/node_modules_next_dist_1e8vcs8._.js:776
[ 7734758ms] [WARNING] Invalid scope @ http://localhost:3000/_next/static/chunks/node_modules_next_dist_1e8vcs8._.js:776
[ 7734758ms] [WARNING] GSAP target .scale-beam not found. https://gsap.com @ http://localhost:3000/_next/static/chunks/node_modules_next_dist_1e8vcs8._.js:776
[ 7734758ms] [WARNING] Invalid scope @ http://localhost:3000/_next/static/chunks/node_modules_next_dist_1e8vcs8._.js:776
[ 7734759ms] [WARNING] GSAP target .scale-pan-left not found. https://gsap.com @ http://localhost:3000/_next/static/chunks/node_modules_next_dist_1e8vcs8._.js:776
[ 7734759ms] [WARNING] Invalid scope @ http://localhost:3000/_next/static/chunks/node_modules_next_dist_1e8vcs8._.js:776
[ 7734759ms] [WARNING] GSAP target .scale-pan-left not found. https://gsap.com @ http://localhost:3000/_next/static/chunks/node_modules_next_dist_1e8vcs8._.js:776
[ 7734759ms] [WARNING] Invalid scope @ http://localhost:3000/_next/static/chunks/node_modules_next_dist_1e8vcs8._.js:776
[ 7734759ms] [WARNING] GSAP target .scale-pan-right not found. https://gsap.com @ http://localhost:3000/_next/static/chunks/node_modules_next_dist_1e8vcs8._.js:776
[ 7734759ms] [WARNING] Invalid scope @ http://localhost:3000/_next/static/chunks/node_modules_next_dist_1e8vcs8._.js:776
[ 7734760ms] [WARNING] GSAP target .scale-pan-right not found. https://gsap.com @ http://localhost:3000/_next/static/chunks/node_modules_next_dist_1e8vcs8._.js:776
[ 7734760ms] [WARNING] Invalid scope @ http://localhost:3000/_next/static/chunks/node_modules_next_dist_1e8vcs8._.js:776
[ 7734760ms] [WARNING] GSAP target .scale-svg not found. https://gsap.com @ http://localhost:3000/_next/static/chunks/node_modules_next_dist_1e8vcs8._.js:776
[ 7744587ms] [LOG] [Fast Refresh] rebuilding @ http://localhost:3000/_next/static/chunks/node_modules_next_dist_1e8vcs8._.js:776
[ 7744643ms] [LOG] [Fast Refresh] done in 157ms @ http://localhost:3000/_next/static/chunks/node_modules_next_dist_1e8vcs8._.js:776
[ 7758055ms] [LOG] [Fast Refresh] rebuilding @ http://localhost:3000/_next/static/chunks/node_modules_next_dist_1e8vcs8._.js:776
[ 7758094ms] [LOG] [Fast Refresh] done in 141ms @ http://localhost:3000/_next/static/chunks/node_modules_next_dist_1e8vcs8._.js:776
[ 7793464ms] [LOG] [Fast Refresh] rebuilding @ http://localhost:3000/_next/static/chunks/node_modules_next_dist_1e8vcs8._.js:776
[ 7793515ms] [LOG] [Fast Refresh] done in 154ms @ http://localhost:3000/_next/static/chunks/node_modules_next_dist_1e8vcs8._.js:776
[ 7851522ms] [ERROR] WebSocket connection to 'ws://localhost:3000/_next/hmr?id=aorefBnPm48fgMli7f2EI' failed: Error in connection establishment: net::ERR_CONNECTION_REFUSED @ http://localhost:3000/_next/static/chunks/node_modules_next_dist_client_0_90u2t._.js:16256
